2025-08-25 23:30:28,984 - INFO - Balance disponible obtenido: 1.60485358 USDT
2025-08-25 23:50:36,759 - INFO - Balance disponible obtenido: 1.60480883 USDT
2025-08-26 00:10:40,837 - INFO - Balance disponible obtenido: 1.60484352 USDT
2025-08-26 00:12:48,379 - INFO - Balance disponible obtenido: 1.60484911 USDT
2025-08-26 00:12:51,828 - INFO - Notificación Telegram enviada:   🧲
✅Orden 🟢BUY👆🏼 en SQDUSDT 
con 0.18 USDT - 50x
2025-08-26 00:22:34,596 - INFO - Notificación Telegram enviada:   🧲
🔒 PP ajustado a 11.00%  |  en 0.10538  |  PNL💲 0.02 USDT  |  ROI Actual: 11.41%
2025-08-26 00:22:57,212 - INFO - Conexión a la base de datos exitosa
2025-08-26 00:22:59,034 - INFO - Notificación Telegram enviada: 
  🧲
💠 SQDUSDT cerró Profit 🤑
ROI 4.11% - PNL: 0.01 USDT

2025-08-26 00:23:00,186 - INFO - Balance disponible obtenido: 1.60768366 USDT
2025-08-26 00:23:01,053 - INFO - Notificación Telegram enviada: ✅ Stats actualizados | 🏆 Wins: 1  💀 Losses: 0  💰 Balance: 1.61 USDT
2025-08-26 00:30:58,444 - INFO - Balance disponible obtenido: 1.60774475 USDT
2025-08-26 00:32:42,568 - INFO - Balance disponible obtenido: 1.60774624 USDT
2025-08-26 00:32:47,724 - INFO - Notificación Telegram enviada:   🧲
✅Orden 🟢BUY👆🏼 en AINUSDT 
con 0.18 USDT - 50x
2025-08-26 00:40:53,861 - INFO - Notificación Telegram enviada:   🧲
🔒 PP ajustado a 11.00%  |  en 0.09178  |  PNL💲 0.02 USDT  |  ROI Actual: 14.74%
2025-08-26 00:40:59,951 - INFO - Conexión a la base de datos exitosa
2025-08-26 00:41:01,509 - INFO - Notificación Telegram enviada: 
  🧲
💠 AINUSDT cerró Profit 🤑
ROI 7.82% - PNL: 0.01 USDT

2025-08-26 00:41:02,628 - INFO - Balance disponible obtenido: 1.61716184 USDT
2025-08-26 00:41:03,467 - INFO - Notificación Telegram enviada: ✅ Stats actualizados | 🏆 Wins: 2  💀 Losses: 0  💰 Balance: 1.62 USDT
2025-08-26 00:51:10,058 - INFO - Balance disponible obtenido: 1.61718375 USDT
2025-08-26 01:11:24,730 - INFO - Balance disponible obtenido: 1.61718655 USDT
2025-08-26 01:31:24,626 - INFO - Balance disponible obtenido: 1.61718696 USDT
2025-08-26 01:51:25,275 - INFO - Balance disponible obtenido: 1.61712974 USDT
2025-08-26 01:53:06,715 - INFO - Balance disponible obtenido: 1.61714994 USDT
2025-08-26 01:53:09,722 - INFO - Notificación Telegram enviada:   🧲
✅Orden 🟢BUY👆🏼 en FISUSDT 
con 0.24 USDT - 25x
2025-08-26 02:41:46,036 - INFO - Notificación Telegram enviada:   🧲
🔒 PP ajustado a 11.00%  |  en 0.11699  |  PNL💲 0.03 USDT  |  ROI Actual: 11.16%
2025-08-26 02:41:52,681 - INFO - Conexión a la base de datos exitosa
2025-08-26 02:41:54,217 - INFO - Notificación Telegram enviada: 
  🧲
💠 FISUSDT cerró Profit 🤑
ROI 9.04% - PNL: 0.02 USDT

2025-08-26 02:41:55,012 - INFO - Balance disponible obtenido: 1.63571562 USDT
2025-08-26 02:41:55,890 - INFO - Notificación Telegram enviada: ✅ Stats actualizados | 🏆 Wins: 3  💀 Losses: 0  💰 Balance: 1.64 USDT
2025-08-26 02:41:58,217 - INFO - Balance disponible obtenido: 1.63564799 USDT
2025-08-26 03:02:02,124 - INFO - Balance disponible obtenido: 1.63570235 USDT
2025-08-26 03:19:07,320 - INFO - Balance disponible obtenido: 1.63567908 USDT
2025-08-26 03:19:10,016 - INFO - Notificación Telegram enviada:   🧲
✅Orden 🟢BUY👆🏼 en STOUSDT 
con 0.18 USDT - 50x
2025-08-26 03:21:06,384 - INFO - Notificación Telegram enviada:   🧲
🔒 PP ajustado a 11.00%  |  en 0.08514  |  PNL💲 0.02 USDT  |  ROI Actual: 12.36%
2025-08-26 03:21:12,308 - INFO - Conexión a la base de datos exitosa
2025-08-26 03:21:13,835 - INFO - Notificación Telegram enviada: 
  🧲
💠 STOUSDT cerró Profit 🤑
ROI 1.46% - PNL: 0.00 USDT

2025-08-26 03:21:14,491 - INFO - Balance disponible obtenido: 1.63834985 USDT
2025-08-26 03:21:15,353 - INFO - Notificación Telegram enviada: ✅ Stats actualizados | 🏆 Wins: 4  💀 Losses: 0  💰 Balance: 1.64 USDT
2025-08-26 03:22:03,900 - INFO - Balance disponible obtenido: 1.63833591 USDT
2025-08-26 03:27:07,121 - INFO - Balance disponible obtenido: 1.63834972 USDT
2025-08-26 03:27:09,744 - INFO - Notificación Telegram enviada:   🧲
✅Orden 🟢BUY👆🏼 en JOEUSDT 
con 0.18 USDT - 50x
2025-08-26 03:30:13,476 - ERROR - Max reconnections 5 reached:
2025-08-26 03:30:14,426 - ERROR - Max reconnections 5 reached:
2025-08-26 03:30:23,754 - ERROR - Max reconnections 5 reached:
2025-08-26 03:30:26,455 - ERROR - Max reconnections 5 reached:
2025-08-26 03:31:06,821 - ERROR - Max reconnections 5 reached:
2025-08-26 03:31:48,217 - ERROR - Max reconnections 5 reached:
2025-08-26 03:31:49,105 - ERROR - Max reconnections 5 reached:
2025-08-26 03:32:36,142 - INFO - Notificación Telegram enviada:   🧲
🔒 PP ajustado a 11.00%  |  en 0.14669  |  PNL💲 0.02 USDT  |  ROI Actual: 11.16%
2025-08-26 03:33:01,314 - INFO - Conexión a la base de datos exitosa
2025-08-26 03:33:02,817 - INFO - Notificación Telegram enviada: 
  🧲
💠 JOEUSDT cerró Profit 🤑
ROI 7.88% - PNL: 0.01 USDT

2025-08-26 03:33:03,562 - INFO - Balance disponible obtenido: 1.6480002 USDT
2025-08-26 03:33:04,420 - INFO - Notificación Telegram enviada: ✅ Stats actualizados | 🏆 Wins: 5  💀 Losses: 0  💰 Balance: 1.65 USDT
2025-08-26 03:42:12,000 - INFO - Balance disponible obtenido: 1.6480441 USDT
2025-08-26 04:02:12,813 - INFO - Balance disponible obtenido: 1.64807785 USDT
2025-08-26 04:22:13,462 - INFO - Balance disponible obtenido: 1.64807901 USDT
2025-08-26 04:23:44,301 - INFO - Balance disponible obtenido: 1.6480624 USDT
2025-08-26 04:23:47,185 - INFO - Notificación Telegram enviada:   🧲
✅Orden 🟢BUY👆🏼 en BANUSDT 
con 0.18 USDT - 50x
2025-08-26 04:32:15,791 - INFO - Notificación Telegram enviada:   🧲
🔒 PP ajustado a 11.00%  |  en 0.08613  |  PNL💲 0.02 USDT  |  ROI Actual: 11.48%
2025-08-26 04:33:20,060 - INFO - Notificación Telegram enviada:   🧲
🔒 PP ajustado a 22.00%  |  en 0.08632  |  PNL💲 0.04 USDT  |  ROI Actual: 25.48%
2025-08-26 04:33:52,667 - INFO - Notificación Telegram enviada:   🧲
🔒 PP ajustado a 33.00%  |  en 0.08651  |  PNL💲 0.06 USDT  |  ROI Actual: 33.38%
2025-08-26 04:35:41,138 - INFO - Conexión a la base de datos exitosa
2025-08-26 04:35:42,756 - INFO - Notificación Telegram enviada: 
  🧲
💠 BANUSDT cerró Profit 🤑
ROI 29.93% - PNL: 0.05 USDT

2025-08-26 04:35:43,506 - INFO - Balance disponible obtenido: 1.69781981 USDT
2025-08-26 04:35:44,374 - INFO - Notificación Telegram enviada: ✅ Stats actualizados | 🏆 Wins: 6  💀 Losses: 0  💰 Balance: 1.70 USDT
2025-08-26 04:42:16,472 - INFO - Balance disponible obtenido: 1.69777755 USDT
2025-08-26 05:02:18,115 - INFO - Balance disponible obtenido: 1.69765124 USDT
2025-08-26 05:22:18,928 - INFO - Balance disponible obtenido: 1.69766355 USDT
2025-08-26 05:42:26,751 - INFO - Balance disponible obtenido: 1.69770154 USDT
2025-08-26 06:02:34,560 - INFO - Balance disponible obtenido: 1.6976562 USDT
2025-08-26 06:22:36,919 - INFO - Balance disponible obtenido: 1.69767465 USDT
2025-08-26 06:42:45,522 - INFO - Balance disponible obtenido: 1.69762739 USDT
2025-08-26 07:02:54,428 - INFO - Balance disponible obtenido: 1.69763762 USDT
2025-08-26 07:05:02,447 - INFO - Balance disponible obtenido: 1.69770144 USDT
2025-08-26 07:05:05,070 - INFO - Notificación Telegram enviada:   🧲
✅Orden 👇🏼SELL🔴 en PONKEUSDT 
con 0.19 USDT - 50x
2025-08-26 08:16:21,039 - INFO - Notificación Telegram enviada:   🧲
🔒 PP ajustado a 11.00%  |  en 0.10065  |  PNL💲 0.02 USDT  |  ROI Actual: 11.42%
2025-08-26 08:19:44,229 - INFO - Notificación Telegram enviada:   🧲
🔒 PP ajustado a 22.00%  |  en 0.10043  |  PNL💲 0.04 USDT  |  ROI Actual: 22.88%
2025-08-26 08:19:47,598 - INFO - Conexión a la base de datos exitosa
2025-08-26 08:19:49,123 - INFO - Notificación Telegram enviada: 
  🧲
💠 PONKEUSDT cerró Profit 🤑
ROI 19.70% - PNL: 0.04 USDT

2025-08-26 08:19:49,896 - INFO - Balance disponible obtenido: 1.72981622 USDT
2025-08-26 08:19:50,750 - INFO - Notificación Telegram enviada: ✅ Stats actualizados | 🏆 Wins: 7  💀 Losses: 0  💰 Balance: 1.73 USDT
2025-08-26 08:19:52,387 - INFO - Balance disponible obtenido: 1.72981133 USDT
2025-08-26 08:40:06,688 - INFO - Balance disponible obtenido: 1.72982837 USDT
2025-08-26 08:57:11,577 - INFO - Balance disponible obtenido: 1.72976287 USDT
2025-08-26 08:57:14,152 - INFO - Notificación Telegram enviada:   🧲
✅Orden 🟢BUY👆🏼 en VELVETUSDT 
con 0.19 USDT - 50x
2025-08-26 09:37:30,298 - INFO - Notificación Telegram enviada:   🧲
🔒 PP ajustado a 11.00%  |  en 0.06114  |  PNL💲 0.02 USDT  |  ROI Actual: 11.47%
2025-08-26 09:37:32,782 - INFO - Conexión a la base de datos exitosa
2025-08-26 09:37:34,333 - INFO - Notificación Telegram enviada: 
  🧲
💠 VELVETUSDT cerró Profit 🤑
ROI 4.03% - PNL: 0.01 USDT

2025-08-26 09:37:35,090 - INFO - Balance disponible obtenido: 1.73205675 USDT
2025-08-26 09:37:35,973 - INFO - Notificación Telegram enviada: ✅ Stats actualizados | 🏆 Wins: 8  💀 Losses: 0  💰 Balance: 1.73 USDT
2025-08-26 09:37:37,619 - INFO - Balance disponible obtenido: 1.73209356 USDT
2025-08-26 09:57:49,857 - INFO - Balance disponible obtenido: 1.73199442 USDT
2025-08-26 09:59:30,011 - INFO - Balance disponible obtenido: 1.73210402 USDT
2025-08-26 09:59:32,717 - INFO - Notificación Telegram enviada:   🧲
✅Orden 🟢BUY👆🏼 en WOOUSDT 
con 0.19 USDT - 50x
2025-08-26 10:31:51,130 - INFO - Notificación Telegram enviada:   🧲
🔒 PP ajustado a 11.00%  |  en 0.06952  |  PNL💲 0.02 USDT  |  ROI Actual: 18.07%
2025-08-26 10:32:00,741 - INFO - Notificación Telegram enviada: ⚠️ Operación en WOOUSDT cerrada 💣
2025-08-26 10:32:01,082 - INFO - Conexión a la base de datos exitosa
2025-08-26 10:32:02,599 - INFO - Notificación Telegram enviada: 
  🧲
💠 WOOUSDT cerró Profit 🤑
ROI 16.91% - PNL: 0.03 USDT

2025-08-26 10:32:03,365 - INFO - Balance disponible obtenido: 1.75963364 USDT
2025-08-26 10:32:04,250 - INFO - Notificación Telegram enviada: ✅ Stats actualizados | 🏆 Wins: 9  💀 Losses: 0  💰 Balance: 1.76 USDT
2025-08-26 10:32:05,615 - INFO - Balance disponible obtenido: 1.75966774 USDT
2025-08-26 10:32:08,239 - INFO - Notificación Telegram enviada:   🧲
✅Orden 🟢BUY👆🏼 en POLYXUSDT 
con 0.19 USDT - 50x
2025-08-26 12:03:46,154 - INFO - Notificación Telegram enviada: ⚠️ Operación en POLYXUSDT cerrada 💣
2025-08-26 12:03:46,508 - INFO - Conexión a la base de datos exitosa
2025-08-26 12:03:48,012 - INFO - Notificación Telegram enviada: 
  🧲
💠 POLYXUSDT cerró Profit 🤑
ROI 8.34% - PNL: 0.02 USDT

2025-08-26 12:03:48,762 - INFO - Balance disponible obtenido: 1.77091351 USDT
2025-08-26 12:03:49,662 - INFO - Notificación Telegram enviada: ✅ Stats actualizados | 🏆 Wins: 10  💀 Losses: 0  💰 Balance: 1.77 USDT
2025-08-26 12:03:55,449 - INFO - Balance disponible obtenido: 1.77092966 USDT
2025-08-26 12:13:16,265 - INFO - Balance disponible obtenido: 1.77089626 USDT
2025-08-26 12:13:18,987 - INFO - Notificación Telegram enviada:   🧲
✅Orden 🟢BUY👆🏼 en HIVEUSDT 
con 0.19 USDT - 50x
2025-08-26 12:20:32,171 - INFO - Notificación Telegram enviada:   🧲
🔒 PP ajustado a 11.00%  |  en 0.20347  |  PNL💲 0.02 USDT  |  ROI Actual: 11.97%
2025-08-26 12:22:17,399 - INFO - Conexión a la base de datos exitosa
2025-08-26 12:22:18,943 - INFO - Notificación Telegram enviada: 
  🧲
💠 HIVEUSDT cerró Profit 🤑
ROI 8.09% - PNL: 0.02 USDT

2025-08-26 12:22:19,712 - INFO - Balance disponible obtenido: 1.78182798 USDT
2025-08-26 12:22:20,559 - INFO - Notificación Telegram enviada: ✅ Stats actualizados | 🏆 Wins: 11  💀 Losses: 0  💰 Balance: 1.78 USDT
2025-08-26 12:24:06,415 - INFO - Balance disponible obtenido: 1.78182372 USDT
2025-08-26 12:44:15,081 - INFO - Balance disponible obtenido: 1.78180927 USDT
2025-08-26 13:04:23,895 - INFO - Balance disponible obtenido: 1.78182518 USDT
2025-08-26 13:24:28,728 - INFO - Balance disponible obtenido: 1.78181885 USDT
2025-08-26 13:44:49,032 - INFO - Balance disponible obtenido: 1.78180016 USDT
2025-08-26 14:05:00,044 - INFO - Balance disponible obtenido: 1.78184767 USDT
2025-08-26 14:14:39,451 - INFO - Balance disponible obtenido: 1.78187501 USDT
2025-08-26 14:14:42,165 - INFO - Notificación Telegram enviada:   🧲
✅Orden 🟢BUY👆🏼 en NFPUSDT 
con 0.20 USDT - 50x
2025-08-26 14:26:51,518 - INFO - Notificación Telegram enviada:   🧲
🔒 PP ajustado a 11.00%  |  en 0.06644  |  PNL💲 0.02 USDT  |  ROI Actual: 12.79%
2025-08-26 14:28:33,082 - INFO - Conexión a la base de datos exitosa
2025-08-26 14:28:34,740 - INFO - Notificación Telegram enviada: 
  🧲
💠 NFPUSDT cerró Profit 🤑
ROI 7.29% - PNL: 0.01 USDT

2025-08-26 14:28:35,492 - INFO - Balance disponible obtenido: 1.79121378 USDT
2025-08-26 14:28:36,358 - INFO - Notificación Telegram enviada: ✅ Stats actualizados | 🏆 Wins: 12  💀 Losses: 0  💰 Balance: 1.79 USDT
2025-08-26 14:28:38,705 - INFO - Balance disponible obtenido: 1.79123988 USDT
2025-08-26 14:48:42,053 - INFO - Balance disponible obtenido: 1.79127025 USDT
2025-08-26 14:57:39,309 - INFO - Balance disponible obtenido: 1.79129296 USDT
2025-08-26 14:57:41,980 - INFO - Notificación Telegram enviada:   🧲
✅Orden 🟢BUY👆🏼 en PONKEUSDT 
con 0.20 USDT - 50x
2025-08-26 15:00:13,084 - INFO - Notificación Telegram enviada:   🧲
🔒 PP ajustado a 11.00%  |  en 0.10393  |  PNL💲 0.02 USDT  |  ROI Actual: 11.35%
2025-08-26 15:00:34,845 - INFO - Conexión a la base de datos exitosa
2025-08-26 15:00:36,363 - INFO - Notificación Telegram enviada: 
  🧲
💠 PONKEUSDT cerró Profit 🤑
ROI 3.12% - PNL: 0.01 USDT

2025-08-26 15:00:37,010 - INFO - Balance disponible obtenido: 1.79747648 USDT
2025-08-26 15:00:37,886 - INFO - Notificación Telegram enviada: ✅ Stats actualizados | 🏆 Wins: 13  💀 Losses: 0  💰 Balance: 1.80 USDT
2025-08-26 15:08:45,772 - INFO - Balance disponible obtenido: 1.79740161 USDT
2025-08-26 15:28:52,032 - INFO - Balance disponible obtenido: 1.79742664 USDT
2025-08-26 15:48:58,582 - INFO - Balance disponible obtenido: 1.79739876 USDT
2025-08-26 16:09:02,780 - INFO - Balance disponible obtenido: 1.79740722 USDT
2025-08-26 16:29:08,957 - INFO - Balance disponible obtenido: 1.79741747 USDT
2025-08-26 16:49:15,379 - INFO - Balance disponible obtenido: 1.79766758 USDT
2025-08-26 17:09:27,582 - INFO - Balance disponible obtenido: 1.79759548 USDT
2025-08-26 17:29:32,951 - INFO - Balance disponible obtenido: 1.79759811 USDT
2025-08-26 17:49:40,461 - INFO - Balance disponible obtenido: 1.79764705 USDT
2025-08-26 18:09:57,206 - INFO - Balance disponible obtenido: 1.79747366 USDT
2025-08-26 18:30:14,880 - INFO - Balance disponible obtenido: 1.79771491 USDT
2025-08-26 18:50:37,897 - INFO - Balance disponible obtenido: 1.79749047 USDT
2025-08-26 19:10:51,609 - INFO - Balance disponible obtenido: 1.79780634 USDT
2025-08-26 19:31:13,055 - INFO - Balance disponible obtenido: 1.79768896 USDT
2025-08-26 19:51:30,656 - INFO - Balance disponible obtenido: 1.79764533 USDT
2025-08-26 20:11:54,235 - INFO - Balance disponible obtenido: 1.7976761 USDT
2025-08-26 20:32:11,949 - INFO - Balance disponible obtenido: 1.79771078 USDT
2025-08-26 20:52:30,999 - INFO - Balance disponible obtenido: 1.79762964 USDT
2025-08-26 21:12:54,401 - INFO - Balance disponible obtenido: 1.79737077 USDT
2025-08-26 21:35:34,760 - INFO - Balance disponible obtenido: 1.79749753 USDT
2025-08-26 21:57:56,995 - INFO - Balance disponible obtenido: 1.79755035 USDT
2025-08-26 22:18:15,806 - INFO - Balance disponible obtenido: 1.7975491 USDT
2025-08-26 22:38:35,852 - INFO - Balance disponible obtenido: 1.79753108 USDT
2025-08-26 22:58:58,354 - INFO - Balance disponible obtenido: 1.79757195 USDT
2025-08-26 23:19:23,616 - INFO - Balance disponible obtenido: 1.79757344 USDT
2025-08-26 23:39:52,899 - INFO - Balance disponible obtenido: 1.79775762 USDT
2025-08-27 00:00:16,446 - INFO - Balance disponible obtenido: 1.79779652 USDT
2025-08-27 00:20:38,855 - INFO - Balance disponible obtenido: 1.79772198 USDT
2025-08-27 00:32:51,325 - INFO - Balance disponible obtenido: 1.79761677 USDT
2025-08-27 00:32:57,812 - INFO - Notificación Telegram enviada:   🧲
✅Orden 🟢BUY👆🏼 en NEIROETHUSDT 
con 0.20 USDT - 50x
2025-08-27 00:33:21,275 - INFO - Notificación Telegram enviada:   🧲
🔒 PP ajustado a 11.00%  |  en 0.1052  |  PNL💲 0.02 USDT  |  ROI Actual: 19.53%
2025-08-27 00:33:32,170 - INFO - Conexión a la base de datos exitosa
2025-08-27 00:33:37,261 - INFO - Notificación Telegram enviada: 
  🧲
💠 NEIROETHUSDT cerró Profit 🤑
ROI 4.99% - PNL: 0.01 USDT

2025-08-27 00:33:37,960 - INFO - Balance disponible obtenido: 1.80741095 USDT
2025-08-27 00:33:38,876 - INFO - Notificación Telegram enviada: ✅ Stats actualizados | 🏆 Wins: 14  💀 Losses: 0  💰 Balance: 1.81 USDT
2025-08-27 00:41:03,996 - INFO - Balance disponible obtenido: 1.80743336 USDT
2025-08-27 01:01:24,963 - INFO - Balance disponible obtenido: 1.80742873 USDT
2025-08-27 01:21:52,151 - INFO - Balance disponible obtenido: 1.80724342 USDT
2025-08-27 01:33:36,741 - INFO - Balance disponible obtenido: 1.80727568 USDT
2025-08-27 01:33:39,622 - INFO - Balance disponible obtenido: 1.80727062 USDT
2025-08-27 01:35:31,745 - INFO - Balance disponible obtenido: 1.8072592 USDT
2025-08-27 01:35:35,119 - INFO - Notificación Telegram enviada:   🧲
✅Orden 🟢BUY👆🏼 en GLMUSDT 
con 0.20 USDT - 50x
2025-08-27 01:53:59,118 - INFO - Balance disponible obtenido: 1.62238667 USDT
2025-08-27 01:55:56,582 - INFO - Balance disponible obtenido: 1.62274772 USDT
2025-08-27 01:56:00,141 - INFO - Notificación Telegram enviada:   🧲
✅Orden 🟢BUY👆🏼 en MERLUSDT 
con 0.18 USDT - 50x
2025-08-27 01:56:34,637 - INFO - Notificación Telegram enviada:   🧲
🔒 PP ajustado a 11.00%  |  en 0.24021  |  PNL💲 0.02 USDT  |  ROI Actual: 11.70%
2025-08-27 01:56:36,530 - INFO - Conexión a la base de datos exitosa
2025-08-27 01:56:42,403 - INFO - Notificación Telegram enviada: 
  🧲
💠 GLMUSDT cerró Profit 🤑
ROI 8.04% - PNL: 0.02 USDT

2025-08-27 01:56:43,202 - INFO - Balance disponible obtenido: 1.63878012 USDT
2025-08-27 01:56:44,057 - INFO - Notificación Telegram enviada: ✅ Stats actualizados | 🏆 Wins: 15  💀 Losses: 0  💰 Balance: 1.64 USDT
2025-08-27 01:56:46,491 - INFO - Balance disponible obtenido: 1.64522095 USDT
2025-08-27 01:58:35,771 - INFO - Notificación Telegram enviada:   🧲
🔒 PP ajustado a 11.00%  |  en 0.12224  |  PNL💲 0.02 USDT  |  ROI Actual: 11.93%
2025-08-27 01:58:40,769 - INFO - Balance disponible obtenido: 1.66660835 USDT
2025-08-27 01:58:43,304 - INFO - Notificación Telegram enviada:   🧲
✅Orden 🟢BUY👆🏼 en SQDUSDT 
con 0.18 USDT - 50x
2025-08-27 01:59:12,887 - INFO - Conexión a la base de datos exitosa
2025-08-27 01:59:15,055 - INFO - Notificación Telegram enviada: 
  🧲
💠 MERLUSDT cerró Profit 🤑
ROI 5.23% - PNL: 0.01 USDT

2025-08-27 01:59:15,690 - INFO - Balance disponible obtenido: 1.64355918 USDT
2025-08-27 01:59:17,122 - INFO - Notificación Telegram enviada: ✅ Stats actualizados | 🏆 Wins: 15  💀 Losses: 0  💰 Balance: 1.64 USDT
2025-08-27 01:59:32,949 - INFO - Balance disponible obtenido: 1.6406086 USDT
2025-08-27 01:59:36,016 - INFO - Notificación Telegram enviada:   🧲
✅Orden 🟢BUY👆🏼 en SQDUSDT 
con 0.18 USDT - 50x
2025-08-27 04:16:17,301 - INFO - Conexión a la base de datos exitosa
2025-08-27 04:16:17,325 - INFO - Conexión a la base de datos exitosa
2025-08-27 04:16:18,880 - INFO - Notificación Telegram enviada: 
  🧲
💠 SQDUSDT cerró Lose 🥵
ROI -227.39% - PNL: -0.41 USDT

2025-08-27 04:16:18,909 - INFO - Notificación Telegram enviada: 
  🧲
💠 SQDUSDT cerró Lose 🥵
ROI -223.84% - PNL: -0.41 USDT

2025-08-27 04:16:19,610 - INFO - Balance disponible obtenido: 1.40820533 USDT
2025-08-27 04:16:19,632 - INFO - Balance disponible obtenido: 1.40820533 USDT
2025-08-27 04:16:20,560 - INFO - Notificación Telegram enviada: ✅ Stats actualizados | 🏆 Wins: 15  💀 Losses: 1  💰 Balance: 1.41 USDT
2025-08-27 04:16:20,580 - INFO - Notificación Telegram enviada: ✅ Stats actualizados | 🏆 Wins: 15  💀 Losses: 1  💰 Balance: 1.41 USDT
2025-08-27 04:16:22,481 - INFO - Balance disponible obtenido: 1.40820003 USDT
2025-08-27 04:16:22,602 - INFO - Balance disponible obtenido: 1.40820003 USDT
2025-08-27 04:36:45,239 - INFO - Balance disponible obtenido: 1.40816427 USDT
2025-08-27 04:36:45,382 - INFO - Balance disponible obtenido: 1.40816427 USDT
2025-08-27 04:57:10,728 - INFO - Balance disponible obtenido: 1.40829336 USDT
2025-08-27 04:57:14,580 - INFO - Balance disponible obtenido: 1.40830172 USDT
2025-08-27 05:00:14,643 - INFO - Balance disponible obtenido: 1.4082836 USDT
2025-08-27 05:00:15,534 - INFO - Balance disponible obtenido: 1.40828246 USDT
2025-08-27 05:00:25,308 - INFO - Notificación Telegram enviada:   🧲
✅Orden 👇🏼SELL🔴 en MERLUSDT 
con 0.15 USDT - 50x
2025-08-27 05:00:28,767 - INFO - Notificación Telegram enviada:   🧲
✅Orden 👇🏼SELL🔴 en MERLUSDT 
con 0.15 USDT - 50x
2025-08-27 05:06:55,627 - INFO - Notificación Telegram enviada: ⚠️ Operación en MERLUSDT cerrada 💣
2025-08-27 05:06:55,984 - INFO - Conexión a la base de datos exitosa
2025-08-27 05:06:56,327 - INFO - Notificación Telegram enviada: ⚠️ Operación en MERLUSDT cerrada 💣
2025-08-27 05:06:56,691 - INFO - Conexión a la base de datos exitosa
2025-08-27 05:06:58,205 - INFO - Notificación Telegram enviada: 
  🧲
💠 MERLUSDT cerró Profit 🤑
ROI 1.77% - PNL: 0.00 USDT

2025-08-27 05:06:58,267 - INFO - Notificación Telegram enviada: 
  🧲
💠 MERLUSDT cerró Profit 🤑
ROI 1.77% - PNL: 0.00 USDT

2025-08-27 05:06:59,353 - INFO - Balance disponible obtenido: 1.40336713 USDT
2025-08-27 05:06:59,548 - INFO - Balance disponible obtenido: 1.40336713 USDT
2025-08-27 05:07:00,277 - INFO - Notificación Telegram enviada: ✅ Stats actualizados | 🏆 Wins: 16  💀 Losses: 1  💰 Balance: 1.40 USDT
2025-08-27 05:07:00,419 - INFO - Notificación Telegram enviada: ✅ Stats actualizados | 🏆 Wins: 16  💀 Losses: 1  💰 Balance: 1.40 USDT
2025-08-27 05:08:12,276 - INFO - Balance disponible obtenido: 1.40338964 USDT
2025-08-27 05:08:21,026 - INFO - Notificación Telegram enviada:   🧲
✅Orden 👇🏼SELL🔴 en JOEUSDT 
con 0.15 USDT - 50x
2025-08-27 05:10:50,347 - INFO - Notificación Telegram enviada: ⚠️ Operación en JOEUSDT cerrada 💣
2025-08-27 05:10:50,682 - INFO - Conexión a la base de datos exitosa
2025-08-27 05:10:52,230 - INFO - Notificación Telegram enviada: 
  🧲
💠 JOEUSDT cerró Lose 🥵
ROI -5.30% - PNL: -0.01 USDT

2025-08-27 05:10:52,884 - INFO - Balance disponible obtenido: 1.39521388 USDT
2025-08-27 05:10:53,774 - INFO - Notificación Telegram enviada: ✅ Stats actualizados | 🏆 Wins: 16  💀 Losses: 2  💰 Balance: 1.40 USDT
2025-08-27 05:17:57,871 - INFO - Balance disponible obtenido: 1.3951966 USDT
2025-08-27 05:17:58,880 - INFO - Balance disponible obtenido: 1.39520234 USDT
2025-08-27 05:38:22,941 - INFO - Balance disponible obtenido: 1.39510352 USDT
2025-08-27 05:38:45,374 - INFO - Balance disponible obtenido: 1.39507993 USDT
2025-08-27 05:43:33,745 - INFO - Balance disponible obtenido: 1.39511474 USDT
2025-08-27 05:43:37,335 - INFO - Notificación Telegram enviada:   🧲
✅Orden 🟢BUY👆🏼 en NAORISUSDT 
con 0.15 USDT - 50x
2025-08-27 05:44:44,044 - INFO - Notificación Telegram enviada:   🧲
🔒 PP ajustado a 11.00%  |  en 0.02559  |  PNL💲 0.02 USDT  |  ROI Actual: 17.81%
2025-08-27 05:44:48,160 - INFO - Notificación Telegram enviada:   🧲
🔒 PP ajustado a 22.00%  |  en 0.02565  |  PNL💲 0.03 USDT  |  ROI Actual: 22.84%
2025-08-27 05:44:54,212 - INFO - Conexión a la base de datos exitosa
2025-08-27 05:44:55,726 - INFO - Notificación Telegram enviada: 
  🧲
💠 NAORISUSDT cerró Profit 🤑
ROI 14.59% - PNL: 0.02 USDT

2025-08-27 05:44:57,115 - INFO - Balance disponible obtenido: 1.41752666 USDT
2025-08-27 05:44:58,011 - INFO - Notificación Telegram enviada: ✅ Stats actualizados | 🏆 Wins: 17  💀 Losses: 2  💰 Balance: 1.42 USDT
2025-08-27 05:53:20,993 - INFO - Balance disponible obtenido: 1.41762031 USDT
2025-08-27 05:53:23,815 - INFO - Notificación Telegram enviada:   🧲
✅Orden 🟢BUY👆🏼 en GLMUSDT 
con 0.16 USDT - 50x
2025-08-27 05:57:50,709 - INFO - Notificación Telegram enviada: ⚠️ Operación en GLMUSDT cerrada 💣
2025-08-27 05:57:51,055 - INFO - Conexión a la base de datos exitosa
2025-08-27 05:57:56,780 - INFO - Notificación Telegram enviada: 
  🧲
💠 GLMUSDT cerró Profit 🤑
ROI 4.52% - PNL: 0.01 USDT

2025-08-27 05:57:59,849 - INFO - Balance disponible obtenido: 1.42464108 USDT
2025-08-27 05:58:01,570 - INFO - Notificación Telegram enviada: ✅ Stats actualizados | 🏆 Wins: 18  💀 Losses: 2  💰 Balance: 1.42 USDT
2025-08-27 05:58:46,650 - INFO - Balance disponible obtenido: 1.42465547 USDT
2025-08-27 05:59:29,470 - INFO - Balance disponible obtenido: 1.42462506 USDT
2025-08-27 06:19:13,663 - INFO - Balance disponible obtenido: 1.42467195 USDT
2025-08-27 06:19:54,087 - INFO - Balance disponible obtenido: 1.42465316 USDT
2025-08-27 06:30:10,883 - INFO - Balance disponible obtenido: 1.42466686 USDT
2025-08-27 06:30:15,518 - INFO - Notificación Telegram enviada:   🧲
✅Orden 🟢BUY👆🏼 en IDOLUSDT 
con 0.16 USDT - 50x
2025-08-27 06:30:20,033 - INFO - Balance disponible obtenido: 1.22870784 USDT
2025-08-27 06:30:29,882 - INFO - Notificación Telegram enviada:   🧲
✅Orden 🟢BUY👆🏼 en IDOLUSDT 
con 0.14 USDT - 50x
2025-08-27 06:31:00,796 - INFO - Notificación Telegram enviada:   🧲
🔒 PP ajustado a 11.00%  |  en 0.01536  |  PNL💲 0.02 USDT  |  ROI Actual: 17.49%
2025-08-27 06:31:02,215 - INFO - Notificación Telegram enviada:   🧲
🔒 PP ajustado a 11.00%  |  en 0.01536  |  PNL💲 0.01 USDT  |  ROI Actual: 26.62%
2025-08-27 06:31:04,543 - INFO - Notificación Telegram enviada:   🧲
🔒 PP ajustado a 22.00%  |  en 0.01539  |  PNL💲 0.03 USDT  |  ROI Actual: 56.60%
2025-08-27 06:31:06,615 - INFO - Notificación Telegram enviada:   🧲
🔒 PP ajustado a 22.00%  |  en 0.01539  |  PNL💲 0.03 USDT  |  ROI Actual: 79.83%
2025-08-27 06:31:07,041 - INFO - Conexión a la base de datos exitosa
2025-08-27 06:31:08,270 - INFO - Conexión a la base de datos exitosa
2025-08-27 06:31:08,596 - INFO - Notificación Telegram enviada: 
  🧲
💠 IDOLUSDT cerró Profit 🤑
ROI 7.53% - PNL: 0.01 USDT

2025-08-27 06:31:09,249 - INFO - Balance disponible obtenido: 1.43647137 USDT
2025-08-27 06:31:09,796 - INFO - Notificación Telegram enviada: 
  🧲
💠 IDOLUSDT cerró Profit 🤑
ROI 8.73% - PNL: 0.01 USDT

2025-08-27 06:31:10,129 - INFO - Notificación Telegram enviada: ✅ Stats actualizados | 🏆 Wins: 19  💀 Losses: 2  💰 Balance: 1.44 USDT
2025-08-27 06:31:10,441 - INFO - Balance disponible obtenido: 1.43647382 USDT
2025-08-27 06:31:11,327 - INFO - Notificación Telegram enviada: ✅ Stats actualizados | 🏆 Wins: 17  💀 Losses: 1  💰 Balance: 1.44 USDT
2025-08-27 06:39:48,797 - INFO - Balance disponible obtenido: 1.4364665 USDT
2025-08-27 06:40:22,755 - INFO - Balance disponible obtenido: 1.43646928 USDT
2025-08-27 07:00:10,311 - INFO - Balance disponible obtenido: 1.43649707 USDT
2025-08-27 07:00:49,519 - INFO - Balance disponible obtenido: 1.43647689 USDT
2025-08-27 07:20:37,953 - INFO - Balance disponible obtenido: 1.43648351 USDT
2025-08-27 07:21:10,240 - INFO - Balance disponible obtenido: 1.43650608 USDT
2025-08-27 07:26:44,872 - INFO - Balance disponible obtenido: 1.43647508 USDT
2025-08-27 07:26:45,301 - INFO - Balance disponible obtenido: 1.43647532 USDT
2025-08-27 07:26:47,605 - INFO - Notificación Telegram enviada:   🧲
✅Orden 🟢BUY👆🏼 en BICOUSDT 
con 0.16 USDT - 50x
2025-08-27 07:26:47,811 - INFO - Notificación Telegram enviada:   🧲
✅Orden 🟢BUY👆🏼 en BICOUSDT 
con 0.16 USDT - 50x
2025-08-27 07:30:13,110 - INFO - Notificación Telegram enviada:   🧲
🔒 PP ajustado a 11.00%  |  en 0.10916  |  PNL💲 0.02 USDT  |  ROI Actual: 14.92%
2025-08-27 07:30:14,084 - INFO - Notificación Telegram enviada:   🧲
🔒 PP ajustado a 11.00%  |  en 0.10916  |  PNL💲 0.02 USDT  |  ROI Actual: 14.92%
2025-08-27 07:30:18,475 - INFO - Notificación Telegram enviada: ⚠️ Operación en BICOUSDT cerrada 💣
2025-08-27 07:30:18,811 - INFO - Conexión a la base de datos exitosa
2025-08-27 07:30:19,796 - INFO - Notificación Telegram enviada: ⚠️ Operación en BICOUSDT cerrada 💣
2025-08-27 07:30:20,230 - INFO - Conexión a la base de datos exitosa
2025-08-27 07:30:20,500 - INFO - Notificación Telegram enviada: 
  🧲
💠 BICOUSDT cerró Profit 🤑
ROI 22.76% - PNL: 0.04 USDT

2025-08-27 07:30:21,369 - INFO - Balance disponible obtenido: 1.47238424 USDT
2025-08-27 07:30:22,010 - INFO - Notificación Telegram enviada: 
  🧲
💠 BICOUSDT cerró Profit 🤑
ROI 22.76% - PNL: 0.04 USDT

2025-08-27 07:30:22,363 - INFO - Notificación Telegram enviada: ✅ Stats actualizados | 🏆 Wins: 20  💀 Losses: 2  💰 Balance: 1.47 USDT
2025-08-27 07:30:22,741 - INFO - Balance disponible obtenido: 1.47238424 USDT
2025-08-27 07:30:23,751 - INFO - Notificación Telegram enviada: ✅ Stats actualizados | 🏆 Wins: 18  💀 Losses: 1  💰 Balance: 1.47 USDT
2025-08-27 07:40:58,329 - INFO - Balance disponible obtenido: 1.47237746 USDT
2025-08-27 07:41:34,157 - INFO - Balance disponible obtenido: 1.47240163 USDT
2025-08-27 07:43:10,451 - INFO - Balance disponible obtenido: 1.47238503 USDT
2025-08-27 07:43:13,919 - INFO - Notificación Telegram enviada:   🧲
✅Orden 🟢BUY👆🏼 en BANKUSDT 
con 0.16 USDT - 50x
2025-08-27 07:43:29,626 - INFO - Balance disponible obtenido: 1.30672179 USDT
2025-08-27 07:43:32,995 - INFO - Notificación Telegram enviada:   🧲
✅Orden 🟢BUY👆🏼 en BANKUSDT 
con 0.14 USDT - 50x
2025-08-27 07:50:18,882 - INFO - Notificación Telegram enviada:   🧲
🔒 PP ajustado a 11.00%  |  en 0.06964  |  PNL💲 0.02 USDT  |  ROI Actual: 13.59%
2025-08-27 07:50:18,908 - INFO - Notificación Telegram enviada:   🧲
🔒 PP ajustado a 11.00%  |  en 0.06964  |  PNL💲 0.02 USDT  |  ROI Actual: 15.30%
2025-08-27 07:50:23,694 - INFO - Conexión a la base de datos exitosa
2025-08-27 07:50:23,851 - INFO - Conexión a la base de datos exitosa
2025-08-27 07:50:25,358 - INFO - Notificación Telegram enviada: 
  🧲
💠 BANKUSDT cerró Profit 🤑
ROI 9.84% - PNL: 0.02 USDT

2025-08-27 07:50:26,209 - INFO - Balance disponible obtenido: 1.48072061 USDT
2025-08-27 07:50:26,378 - INFO - Notificación Telegram enviada: 
  🧲
💠 BANKUSDT cerró Profit 🤑
ROI 11.09% - PNL: 0.02 USDT

2025-08-27 07:50:27,405 - INFO - Balance disponible obtenido: 1.48071846 USDT
2025-08-27 07:50:27,515 - INFO - Notificación Telegram enviada: ✅ Stats actualizados | 🏆 Wins: 21  💀 Losses: 2  💰 Balance: 1.48 USDT
2025-08-27 07:50:28,354 - INFO - Notificación Telegram enviada: ✅ Stats actualizados | 🏆 Wins: 19  💀 Losses: 1  💰 Balance: 1.48 USDT
2025-08-27 08:01:24,978 - INFO - Balance disponible obtenido: 1.48083796 USDT
2025-08-27 08:02:00,379 - INFO - Balance disponible obtenido: 1.48086208 USDT
2025-08-27 08:21:49,378 - INFO - Balance disponible obtenido: 1.48091327 USDT
2025-08-27 08:22:19,474 - INFO - Balance disponible obtenido: 1.48092459 USDT
2025-08-27 08:42:18,283 - INFO - Balance disponible obtenido: 1.48094566 USDT
2025-08-27 08:42:48,154 - INFO - Balance disponible obtenido: 1.48094339 USDT
2025-08-27 08:49:40,808 - ERROR - Max reconnections 5 reached:
2025-08-27 08:49:40,823 - ERROR - Max reconnections 5 reached:
2025-08-27 08:49:40,823 - ERROR - Max reconnections 5 reached:
2025-08-27 08:49:40,871 - ERROR - Max reconnections 5 reached:
2025-08-27 08:49:41,709 - ERROR - Max reconnections 5 reached:
2025-08-27 08:49:42,817 - ERROR - Max reconnections 5 reached:
2025-08-27 08:49:42,818 - ERROR - Max reconnections 5 reached:
2025-08-27 08:49:46,718 - ERROR - Max reconnections 5 reached:
2025-08-27 08:49:46,807 - ERROR - Max reconnections 5 reached:
2025-08-27 08:49:51,959 - ERROR - Max reconnections 5 reached:
2025-08-27 08:49:52,245 - ERROR - Max reconnections 5 reached:
2025-08-27 08:49:52,513 - ERROR - Max reconnections 5 reached:
2025-08-27 08:50:07,911 - ERROR - Max reconnections 5 reached:
2025-08-27 08:50:11,406 - ERROR - Max reconnections 5 reached:
2025-08-27 08:50:11,701 - ERROR - Max reconnections 5 reached:
2025-08-27 08:50:11,933 - ERROR - Max reconnections 5 reached:
2025-08-27 08:50:12,460 - ERROR - Max reconnections 5 reached:
2025-08-27 08:50:12,461 - ERROR - Max reconnections 5 reached:
2025-08-27 08:50:12,461 - ERROR - Max reconnections 5 reached:
2025-08-27 08:50:16,442 - ERROR - Max reconnections 5 reached:
2025-08-27 09:02:38,773 - INFO - Balance disponible obtenido: 1.48072467 USDT
2025-08-27 09:03:07,926 - INFO - Balance disponible obtenido: 1.480734 USDT
2025-08-27 09:23:00,879 - INFO - Balance disponible obtenido: 1.48082734 USDT
2025-08-27 09:23:33,031 - INFO - Balance disponible obtenido: 1.48082051 USDT
2025-08-27 09:42:44,529 - INFO - Balance disponible obtenido: 1.48088977 USDT
2025-08-27 09:42:47,168 - INFO - Notificación Telegram enviada:   🧲
✅Orden 👇🏼SELL🔴 en JOEUSDT 
con 0.16 USDT - 50x
2025-08-27 09:43:45,366 - INFO - Balance disponible obtenido: 1.31406437 USDT
2025-08-27 10:04:31,385 - INFO - Balance disponible obtenido: 1.26388556 USDT
2025-08-27 10:25:02,326 - INFO - Balance disponible obtenido: 1.2734728 USDT
2025-08-27 10:45:35,580 - INFO - Balance disponible obtenido: 1.20084295 USDT
2025-08-27 10:48:26,963 - INFO - Balance disponible obtenido: 1.17420759 USDT
2025-08-27 10:48:32,763 - INFO - Notificación Telegram enviada:   🧲
✅Orden 👇🏼SELL🔴 en AINUSDT 
con 0.13 USDT - 50x
2025-08-27 10:49:05,593 - INFO - Notificación Telegram enviada: ⚠️ Operación en AINUSDT cerrada 💣
2025-08-27 10:49:05,943 - INFO - Conexión a la base de datos exitosa
2025-08-27 10:49:10,511 - INFO - Notificación Telegram enviada: 
  🧲
💠 AINUSDT cerró Profit 🤑
ROI 3.08% - PNL: 0.00 USDT

2025-08-27 10:49:11,892 - INFO - Balance disponible obtenido: 1.17718882 USDT
2025-08-27 10:49:12,807 - INFO - Notificación Telegram enviada: ✅ Stats actualizados | 🏆 Wins: 22  💀 Losses: 2  💰 Balance: 1.18 USDT
2025-08-27 10:53:11,935 - INFO - Balance disponible obtenido: 1.20743481 USDT
2025-08-27 10:53:17,141 - INFO - Notificación Telegram enviada:   🧲
✅Orden 👇🏼SELL🔴 en HIFIUSDT 
con 0.24 USDT - 25x
2025-08-27 11:12:59,009 - INFO - Conexión a la base de datos exitosa
2025-08-27 11:13:00,881 - INFO - Notificación Telegram enviada: 
  🧲
💠 JOEUSDT cerró Lose 🥵
ROI -112.96% - PNL: -0.18 USDT

2025-08-27 11:13:01,720 - INFO - Balance disponible obtenido: 1.02445556 USDT
2025-08-27 11:13:02,607 - INFO - Notificación Telegram enviada: ✅ Stats actualizados | 🏆 Wins: 19  💀 Losses: 2  💰 Balance: 1.02 USDT
2025-08-27 11:13:05,820 - INFO - Balance disponible obtenido: 1.02646582 USDT
2025-08-27 11:15:09,640 - INFO - Balance disponible obtenido: 1.02233473 USDT
2025-08-27 11:15:12,400 - INFO - Notificación Telegram enviada:   🧲
✅Orden 🟢BUY👆🏼 en HIVEUSDT 
con 0.11 USDT - 50x
2025-08-27 11:18:53,982 - INFO - Notificación Telegram enviada:   🧲
🔒 PP ajustado a 11.00%  |  en 0.20651  |  PNL💲 0.01 USDT  |  ROI Actual: 11.15%
2025-08-27 11:19:07,914 - INFO - Conexión a la base de datos exitosa
2025-08-27 11:19:10,432 - INFO - Notificación Telegram enviada: 
  🧲
💠 HIVEUSDT cerró Profit 🤑
ROI 3.69% - PNL: 0.00 USDT

2025-08-27 11:19:11,637 - INFO - Balance disponible obtenido: 1.02741619 USDT
2025-08-27 11:19:12,516 - INFO - Notificación Telegram enviada: ✅ Stats actualizados | 🏆 Wins: 20  💀 Losses: 2  💰 Balance: 1.03 USDT
2025-08-27 11:33:41,408 - INFO - Balance disponible obtenido: 0.99628625 USDT
2025-08-27 11:41:37,861 - INFO - Conexión a la base de datos exitosa
2025-08-27 11:41:39,848 - INFO - Notificación Telegram enviada: 
  🧲
💠 HIFIUSDT cerró Lose 🥵
ROI -29.02% - PNL: -0.07 USDT

2025-08-27 11:41:40,789 - INFO - Notificación Telegram enviada: 🚨 Pausa por pérdidas consecutivas
2025-08-27 11:51:41,736 - INFO - Balance disponible obtenido: 1.22915101 USDT
2025-08-27 11:51:42,704 - INFO - Notificación Telegram enviada: ✅ Stats actualizados | 🏆 Wins: 22  💀 Losses: 3  💰 Balance: 1.23 USDT
2025-08-27 11:51:51,887 - INFO - Balance disponible obtenido: 1.22913229 USDT
2025-08-27 11:53:04,724 - INFO - Balance disponible obtenido: 1.2292028 USDT
2025-08-27 11:53:07,333 - INFO - Notificación Telegram enviada:   🧲
✅Orden 🟢BUY👆🏼 en FIDAUSDT 
con 0.14 USDT - 75x
2025-08-27 11:53:49,496 - INFO - Balance disponible obtenido: 1.07935366 USDT
2025-08-27 11:53:52,088 - INFO - Notificación Telegram enviada:   🧲
✅Orden 🟢BUY👆🏼 en HIVEUSDT 
con 0.12 USDT - 50x
2025-08-27 12:06:55,113 - INFO - Conexión a la base de datos exitosa
2025-08-27 12:06:56,849 - INFO - Notificación Telegram enviada: 
  🧲
💠 HIVEUSDT cerró Lose 🥵
ROI -7.86% - PNL: -0.01 USDT

2025-08-27 12:06:57,822 - INFO - Balance disponible obtenido: 1.04049189 USDT
2025-08-27 12:06:58,691 - INFO - Notificación Telegram enviada: ✅ Stats actualizados | 🏆 Wins: 22  💀 Losses: 4  💰 Balance: 1.04 USDT
2025-08-27 12:07:00,221 - INFO - Conexión a la base de datos exitosa
2025-08-27 12:07:02,168 - INFO - Notificación Telegram enviada: 
  🧲
💠 FIDAUSDT cerró Lose 🥵
ROI -33.29% - PNL: -0.05 USDT

2025-08-27 12:07:03,165 - INFO - Notificación Telegram enviada: 🚨 Pausa por pérdidas consecutivas
2025-08-27 12:08:37,405 - INFO - Balance disponible obtenido: 1.16683099 USDT
2025-08-27 12:11:04,129 - INFO - Balance disponible obtenido: 1.16682302 USDT
2025-08-27 12:11:06,781 - INFO - Notificación Telegram enviada:   🧲
✅Orden 🟢BUY👆🏼 en JOEUSDT 
con 0.13 USDT - 50x
2025-08-27 12:11:40,450 - INFO - Notificación Telegram enviada:   🧲
🔒 PP ajustado a 11.00%  |  en 0.15958  |  PNL💲 0.01 USDT  |  ROI Actual: 11.93%
2025-08-27 12:11:45,416 - INFO - Conexión a la base de datos exitosa
2025-08-27 12:11:47,352 - INFO - Notificación Telegram enviada: 
  🧲
💠 JOEUSDT cerró Profit 🤑
ROI 5.01% - PNL: 0.01 USDT

2025-08-27 12:11:48,224 - INFO - Notificación Telegram enviada: 🚨 Pausa por pérdidas consecutivas
2025-08-27 12:21:49,118 - INFO - Balance disponible obtenido: 1.17325281 USDT
2025-08-27 12:21:50,090 - INFO - Notificación Telegram enviada: ✅ Stats actualizados | 🏆 Wins: 21  💀 Losses: 3  💰 Balance: 1.17 USDT
2025-08-27 12:26:09,003 - INFO - Balance disponible obtenido: 1.17327 USDT
2025-08-27 12:26:15,049 - INFO - Notificación Telegram enviada:   🧲
✅Orden 🟢BUY👆🏼 en PONKEUSDT 
con 0.13 USDT - 50x
2025-08-27 12:29:52,127 - INFO - Notificación Telegram enviada: ⚠️ Operación en PONKEUSDT cerrada 💣
2025-08-27 12:29:52,475 - INFO - Conexión a la base de datos exitosa
2025-08-27 12:29:53,999 - INFO - Notificación Telegram enviada: 
  🧲
💠 PONKEUSDT cerró Profit 🤑
ROI 3.23% - PNL: 0.00 USDT

2025-08-27 12:29:54,646 - INFO - Balance disponible obtenido: 1.17743448 USDT
2025-08-27 12:29:55,533 - INFO - Notificación Telegram enviada: ✅ Stats actualizados | 🏆 Wins: 22  💀 Losses: 3  💰 Balance: 1.18 USDT
2025-08-27 12:29:58,572 - INFO - Balance disponible obtenido: 1.17742333 USDT
2025-08-27 12:47:40,689 - INFO - Balance disponible obtenido: 1.17744947 USDT
2025-08-27 12:47:43,415 - INFO - Notificación Telegram enviada:   🧲
✅Orden 🟢BUY👆🏼 en DEEPUSDT 
con 0.13 USDT - 50x
2025-08-27 14:14:11,458 - INFO - Notificación Telegram enviada: ⚠️ Operación en DEEPUSDT cerrada 💣
2025-08-27 14:14:14,967 - INFO - Conexión a la base de datos exitosa
2025-08-27 14:14:16,527 - INFO - Notificación Telegram enviada: 
  🧲
💠 DEEPUSDT cerró Lose 🥵
ROI -34.45% - PNL: -0.04 USDT

2025-08-27 14:14:17,364 - INFO - Balance disponible obtenido: 1.12962357 USDT
2025-08-27 14:14:18,234 - INFO - Notificación Telegram enviada: ✅ Stats actualizados | 🏆 Wins: 22  💀 Losses: 4  💰 Balance: 1.13 USDT
2025-08-27 14:14:19,877 - INFO - Balance disponible obtenido: 1.12962069 USDT
2025-08-27 14:16:18,467 - INFO - Balance disponible obtenido: 1.12960787 USDT
2025-08-27 14:16:21,640 - INFO - Notificación Telegram enviada:   🧲
✅Orden 🟢BUY👆🏼 en MERLUSDT 
con 0.12 USDT - 50x
2025-08-27 14:26:23,750 - INFO - Notificación Telegram enviada:   🧲
🔒 PP ajustado a 11.00%  |  en 0.11676  |  PNL💲 0.01 USDT  |  ROI Actual: 12.20%
2025-08-27 14:27:20,081 - INFO - Conexión a la base de datos exitosa
2025-08-27 14:27:21,675 - INFO - Notificación Telegram enviada: 
  🧲
💠 MERLUSDT cerró Profit 🤑
ROI 6.47% - PNL: 0.01 USDT

2025-08-27 14:27:22,478 - INFO - Balance disponible obtenido: 1.13453796 USDT
2025-08-27 14:27:23,344 - INFO - Notificación Telegram enviada: ✅ Stats actualizados | 🏆 Wins: 23  💀 Losses: 4  💰 Balance: 1.13 USDT
2025-08-27 14:34:49,956 - INFO - Balance disponible obtenido: 1.13457944 USDT
2025-08-27 14:55:23,192 - INFO - Balance disponible obtenido: 1.13450201 USDT
2025-08-27 15:15:48,597 - INFO - Balance disponible obtenido: 1.13453644 USDT
2025-08-27 15:18:38,359 - INFO - Balance disponible obtenido: 1.13454981 USDT
2025-08-27 15:26:54,319 - INFO - Balance disponible obtenido: 1.13453698 USDT
2025-08-27 15:30:34,968 - INFO - Balance disponible obtenido: 1.13456779 USDT
2025-08-27 15:47:33,385 - INFO - Balance disponible obtenido: 1.13455145 USDT
2025-08-27 15:48:20,234 - INFO - Balance disponible obtenido: 1.13454521 USDT
2025-08-27 15:49:29,160 - INFO - Balance disponible obtenido: 1.13452672 USDT
2025-08-27 16:09:55,838 - INFO - Balance disponible obtenido: 1.13452091 USDT
2025-08-27 16:23:13,469 - INFO - Balance disponible obtenido: 1.13451274 USDT
2025-08-27 16:23:16,110 - INFO - Notificación Telegram enviada:   🧲
✅Orden 👇🏼SELL🔴 en MERLUSDT 
con 0.12 USDT - 50x
2025-08-27 16:28:42,702 - INFO - Notificación Telegram enviada:   🧲
🔒 PP ajustado a 11.00%  |  en 0.11492  |  PNL💲 0.01 USDT  |  ROI Actual: 11.29%
2025-08-27 16:29:04,129 - INFO - Conexión a la base de datos exitosa
2025-08-27 16:29:10,060 - INFO - Notificación Telegram enviada: 
  🧲
💠 MERLUSDT cerró Profit 🤑
ROI 8.76% - PNL: 0.01 USDT

2025-08-27 16:29:11,259 - INFO - Balance disponible obtenido: 1.14236042 USDT
2025-08-27 16:29:12,167 - INFO - Notificación Telegram enviada: ✅ Stats actualizados | 🏆 Wins: 24  💀 Losses: 4  💰 Balance: 1.14 USDT
2025-08-27 16:30:27,237 - INFO - Balance disponible obtenido: 1.14232053 USDT
2025-08-27 16:32:52,916 - INFO - Balance disponible obtenido: 1.14236063 USDT
2025-08-27 16:32:55,545 - INFO - Notificación Telegram enviada:   🧲
✅Orden 🟢BUY👆🏼 en GLMUSDT 
con 0.13 USDT - 50x
2025-08-27 16:50:12,761 - INFO - Notificación Telegram enviada: ⚠️ Operación en GLMUSDT cerrada 💣
2025-08-27 16:50:13,105 - INFO - Conexión a la base de datos exitosa
2025-08-27 16:50:14,963 - INFO - Notificación Telegram enviada: 
  🧲
💠 GLMUSDT cerró Lose 🥵
ROI -20.07% - PNL: -0.03 USDT

2025-08-27 16:50:15,736 - INFO - Balance disponible obtenido: 1.11400925 USDT
2025-08-27 16:50:16,625 - INFO - Notificación Telegram enviada: ✅ Stats actualizados | 🏆 Wins: 24  💀 Losses: 5  💰 Balance: 1.11 USDT
2025-08-27 16:50:54,904 - INFO - Balance disponible obtenido: 1.11401947 USDT
2025-08-27 17:03:00,296 - INFO - Balance disponible obtenido: 1.11398672 USDT
2025-08-27 17:03:03,249 - INFO - Notificación Telegram enviada:   🧲
✅Orden 👇🏼SELL🔴 en CROSSUSDT 
con 0.12 USDT - 50x
2025-08-27 17:04:10,975 - INFO - Notificación Telegram enviada:   🧲
🔒 PP ajustado a 11.00%  |  en 0.22268  |  PNL💲 0.01 USDT  |  ROI Actual: 11.42%
2025-08-27 17:04:53,537 - INFO - Conexión a la base de datos exitosa
2025-08-27 17:04:55,219 - INFO - Notificación Telegram enviada: 
  🧲
💠 CROSSUSDT cerró Profit 🤑
ROI 5.22% - PNL: 0.01 USDT

2025-08-27 17:04:56,469 - INFO - Balance disponible obtenido: 1.1203768 USDT
2025-08-27 17:04:57,315 - INFO - Notificación Telegram enviada: ✅ Stats actualizados | 🏆 Wins: 25  💀 Losses: 5  💰 Balance: 1.12 USDT
2025-08-27 17:11:17,223 - INFO - Balance disponible obtenido: 1.12041388 USDT
2025-08-27 17:13:14,354 - INFO - Balance disponible obtenido: 1.12042591 USDT
2025-08-27 17:13:17,355 - INFO - Notificación Telegram enviada:   🧲
✅Orden 👇🏼SELL🔴 en SQDUSDT 
con 0.12 USDT - 50x
2025-08-27 18:35:09,595 - INFO - Notificación Telegram enviada:   🧲
🔒 PP ajustado a 11.00%  |  en 0.0977  |  PNL💲 0.01 USDT  |  ROI Actual: 18.65%
2025-08-27 18:35:13,827 - INFO - Notificación Telegram enviada:   🧲
🔒 PP ajustado a 22.00%  |  en 0.09748  |  PNL💲 0.03 USDT  |  ROI Actual: 26.04%
2025-08-27 18:35:33,175 - INFO - Notificación Telegram enviada:   🧲
🔒 PP ajustado a 33.00%  |  en 0.09727  |  PNL💲 0.04 USDT  |  ROI Actual: 33.65%
2025-08-27 18:36:03,649 - INFO - Conexión a la base de datos exitosa
2025-08-27 18:36:06,220 - INFO - Notificación Telegram enviada: 
  🧲
💠 SQDUSDT cerró Profit 🤑
ROI 30.25% - PNL: 0.04 USDT

2025-08-27 18:36:07,352 - INFO - Balance disponible obtenido: 1.15452881 USDT
2025-08-27 18:36:09,171 - INFO - Notificación Telegram enviada: ✅ Stats actualizados | 🏆 Wins: 26  💀 Losses: 5  💰 Balance: 1.15 USDT
2025-08-27 18:36:12,171 - INFO - Balance disponible obtenido: 1.1545244 USDT
2025-08-27 18:56:59,534 - INFO - Balance disponible obtenido: 1.15446503 USDT
2025-08-27 19:17:42,557 - INFO - Balance disponible obtenido: 1.1545538 USDT
2025-08-27 19:26:07,631 - INFO - Balance disponible obtenido: 1.1545795 USDT
2025-08-27 19:26:11,576 - INFO - Notificación Telegram enviada:   🧲
✅Orden 👇🏼SELL🔴 en HIVEUSDT 
con 0.13 USDT - 50x
2025-08-27 19:49:37,584 - INFO - Notificación Telegram enviada: ⚠️ Operación en HIVEUSDT cerrada 💣
2025-08-27 19:49:38,120 - INFO - Conexión a la base de datos exitosa
2025-08-27 19:49:42,048 - INFO - Notificación Telegram enviada: 
  🧲
💠 HIVEUSDT cerró Lose 🥵
ROI -24.17% - PNL: -0.03 USDT

2025-08-27 19:49:43,224 - INFO - Notificación Telegram enviada: 🚨 Pausa por pérdidas consecutivas
2025-08-27 19:59:44,378 - INFO - Balance disponible obtenido: 1.12082807 USDT
2025-08-27 19:59:45,388 - INFO - Notificación Telegram enviada: ✅ Stats actualizados | 🏆 Wins: 26  💀 Losses: 6  💰 Balance: 1.12 USDT
2025-08-27 19:59:47,129 - INFO - Balance disponible obtenido: 1.12082288 USDT
2025-08-27 20:00:55,928 - INFO - Balance disponible obtenido: 1.12081991 USDT
2025-08-27 20:01:31,614 - INFO - Balance disponible obtenido: 1.12081735 USDT
2025-08-27 20:02:43,559 - INFO - Balance disponible obtenido: 1.12082032 USDT
2025-08-27 20:04:44,826 - INFO - Balance disponible obtenido: 1.12082897 USDT
2025-08-27 20:04:48,189 - INFO - Notificación Telegram enviada:   🧲
✅Orden 🟢BUY👆🏼 en AINUSDT 
con 0.12 USDT - 50x
2025-08-27 20:05:29,167 - INFO - Notificación Telegram enviada:   🧲
🔒 PP ajustado a 11.00%  |  en 0.10124  |  PNL💲 0.01 USDT  |  ROI Actual: 18.03%
2025-08-27 20:05:48,689 - INFO - Notificación Telegram enviada:   🧲
🔒 PP ajustado a 22.00%  |  en 0.10146  |  PNL💲 0.03 USDT  |  ROI Actual: 22.06%
2025-08-27 20:05:50,643 - INFO - Conexión a la base de datos exitosa
2025-08-27 20:05:56,907 - INFO - Notificación Telegram enviada: 
  🧲
💠 AINUSDT cerró Profit 🤑
ROI 12.80% - PNL: 0.02 USDT

2025-08-27 20:05:57,835 - INFO - Notificación Telegram enviada: 🚨 Pausa por pérdidas consecutivas
2025-08-27 20:15:58,708 - INFO - Balance disponible obtenido: 1.13659464 USDT
2025-08-27 20:15:59,647 - INFO - Notificación Telegram enviada: ✅ Stats actualizados | 🏆 Wins: 27  💀 Losses: 6  💰 Balance: 1.14 USDT
2025-08-27 20:23:16,015 - INFO - Balance disponible obtenido: 1.13659729 USDT
2025-08-27 20:43:48,179 - INFO - Balance disponible obtenido: 1.136514 USDT
2025-08-27 21:04:10,085 - INFO - Balance disponible obtenido: 1.13653837 USDT
2025-08-27 21:25:05,171 - INFO - Balance disponible obtenido: 1.13658317 USDT
2025-08-27 21:33:45,035 - INFO - Balance disponible obtenido: 1.13656068 USDT
2025-08-27 21:47:05,880 - INFO - Balance disponible obtenido: 1.1365279 USDT
2025-08-27 21:47:09,682 - INFO - Notificación Telegram enviada:   🧲
✅Orden 👇🏼SELL🔴 en MERLUSDT 
con 0.13 USDT - 50x
2025-08-27 21:54:47,344 - INFO - Notificación Telegram enviada:   🧲
🔒 PP ajustado a 11.00%  |  en 0.11357  |  PNL💲 0.01 USDT  |  ROI Actual: 11.86%
2025-08-27 21:54:53,853 - INFO - Conexión a la base de datos exitosa
2025-08-27 21:54:56,347 - INFO - Notificación Telegram enviada: 
  🧲
💠 MERLUSDT cerró Profit 🤑
ROI 8.35% - PNL: 0.01 USDT

2025-08-27 21:54:57,498 - INFO - Balance disponible obtenido: 1.14383907 USDT
2025-08-27 21:54:58,379 - INFO - Notificación Telegram enviada: ✅ Stats actualizados | 🏆 Wins: 1  💀 Losses: 0  💰 Balance: 1.14 USDT
2025-08-27 21:55:00,071 - INFO - Balance disponible obtenido: 1.14384947 USDT
2025-08-27 21:57:07,275 - INFO - Balance disponible obtenido: 1.14391355 USDT
2025-08-27 21:57:10,097 - INFO - Notificación Telegram enviada:   🧲
✅Orden 👇🏼SELL🔴 en PONKEUSDT 
con 0.13 USDT - 50x
2025-08-27 22:34:19,387 - INFO - Notificación Telegram enviada: ⚠️ Operación en PONKEUSDT cerrada 💣
2025-08-27 22:34:19,874 - INFO - Conexión a la base de datos exitosa
2025-08-27 22:34:22,978 - INFO - Notificación Telegram enviada: 
  🧲
💠 PONKEUSDT cerró Lose 🥵
ROI -68.14% - PNL: -0.09 USDT

2025-08-27 22:34:35,038 - INFO - Balance disponible obtenido: 1.05508606 USDT
2025-08-27 22:34:41,252 - INFO - Notificación Telegram enviada: ✅ Stats actualizados | 🏆 Wins: 1  💀 Losses: 1  💰 Balance: 1.06 USDT
2025-08-27 22:34:48,482 - INFO - Balance disponible obtenido: 1.05508715 USDT
2025-08-27 22:38:34,467 - ERROR - Max reconnections 5 reached:
2025-08-27 22:38:36,700 - ERROR - Max reconnections 5 reached:
2025-08-27 22:38:41,452 - ERROR - Max reconnections 5 reached:
2025-08-27 22:38:52,741 - ERROR - Max reconnections 5 reached:
2025-08-27 22:38:54,931 - ERROR - Max reconnections 5 reached:
2025-08-27 22:39:00,711 - ERROR - Max reconnections 5 reached:
2025-08-27 22:39:01,892 - ERROR - Max reconnections 5 reached:
2025-08-27 22:39:05,304 - ERROR - Max reconnections 5 reached:
2025-08-27 22:39:07,899 - ERROR - Max reconnections 5 reached:
2025-08-27 22:44:44,908 - WARNING - [WARN] No pude obtener server_time: ('Connection aborted.', RemoteDisconnected('Remote end closed connection without response'))
2025-08-27 22:44:47,476 - INFO - Balance disponible obtenido: 1.05509093 USDT
2025-08-27 22:59:23,123 - INFO - Balance disponible obtenido: 1.0550903 USDT
2025-08-27 23:00:17,063 - INFO - Balance disponible obtenido: 1.055079 USDT
2025-08-27 23:20:48,747 - INFO - Balance disponible obtenido: 1.05512874 USDT
2025-08-27 23:22:43,697 - INFO - Balance disponible obtenido: 1.05511792 USDT
2025-08-27 23:22:48,149 - INFO - Notificación Telegram enviada:   🧲
✅Orden 🟢BUY👆🏼 en JOEUSDT 
con 0.12 USDT - 50x
2025-08-27 23:29:11,153 - INFO - Notificación Telegram enviada:   🧲
🔒 PP ajustado a 11.00%  |  en 0.16103  |  PNL💲 0.01 USDT  |  ROI Actual: 11.82%
2025-08-27 23:29:23,983 - INFO - Conexión a la base de datos exitosa
2025-08-27 23:29:25,735 - INFO - Notificación Telegram enviada: 
  🧲
💠 JOEUSDT cerró Profit 🤑
ROI 8.36% - PNL: 0.01 USDT

2025-08-27 23:29:29,529 - INFO - Balance disponible obtenido: 1.06190395 USDT
2025-08-27 23:29:30,420 - INFO - Notificación Telegram enviada: ✅ Stats actualizados | 🏆 Wins: 2  💀 Losses: 1  💰 Balance: 1.06 USDT
2025-08-27 23:41:15,313 - INFO - Balance disponible obtenido: 1.06192979 USDT
2025-08-28 00:01:38,691 - INFO - Balance disponible obtenido: 1.06195097 USDT
2025-08-28 00:22:05,948 - INFO - Balance disponible obtenido: 1.06193368 USDT
2025-08-28 00:42:46,689 - INFO - Balance disponible obtenido: 1.061933 USDT
2025-08-28 00:47:16,484 - INFO - Balance disponible obtenido: 1.06193028 USDT
2025-08-28 00:47:19,835 - INFO - Notificación Telegram enviada:   🧲
✅Orden 🟢BUY👆🏼 en GLMUSDT 
con 0.12 USDT - 50x
2025-08-28 00:52:38,945 - INFO - Notificación Telegram enviada: ⚠️ Operación en GLMUSDT cerrada 💣
2025-08-28 00:52:39,343 - INFO - Conexión a la base de datos exitosa
2025-08-28 00:52:40,890 - INFO - Notificación Telegram enviada: 
  🧲
💠 GLMUSDT cerró Profit 🤑
ROI 6.57% - PNL: 0.01 USDT

2025-08-28 00:52:41,705 - INFO - Balance disponible obtenido: 1.06673299 USDT
2025-08-28 00:52:42,617 - INFO - Notificación Telegram enviada: ✅ Stats actualizados | 🏆 Wins: 3  💀 Losses: 1  💰 Balance: 1.07 USDT
2025-08-28 01:03:09,604 - INFO - Balance disponible obtenido: 1.06671056 USDT
2025-08-28 01:23:31,372 - INFO - Balance disponible obtenido: 1.06670424 USDT
2025-08-28 01:42:18,236 - INFO - Balance disponible obtenido: 1.06672707 USDT
2025-08-28 02:02:40,822 - INFO - Balance disponible obtenido: 1.06673058 USDT
2025-08-28 02:05:03,811 - INFO - Balance disponible obtenido: 1.06675277 USDT
2025-08-28 02:05:06,480 - INFO - Notificación Telegram enviada:   🧲
✅Orden 🟢BUY👆🏼 en NEIROETHUSDT 
con 0.12 USDT - 50x
2025-08-28 04:22:09,613 - INFO - Notificación Telegram enviada: ⚠️ Operación en NEIROETHUSDT cerrada 💣
2025-08-28 04:22:10,034 - INFO - Conexión a la base de datos exitosa
2025-08-28 04:22:11,584 - INFO - Notificación Telegram enviada: 
  🧲
💠 NEIROETHUSDT cerró Lose 🥵
ROI -60.28% - PNL: -0.07 USDT

2025-08-28 04:22:12,373 - INFO - Balance disponible obtenido: 0.99303791 USDT
2025-08-28 04:22:14,792 - INFO - Notificación Telegram enviada: ✅ Stats actualizados | 🏆 Wins: 3  💀 Losses: 2  💰 Balance: 0.99 USDT
2025-08-28 04:22:17,093 - INFO - Balance disponible obtenido: 0.99304318 USDT
2025-08-28 04:24:12,100 - INFO - Balance disponible obtenido: 0.99305495 USDT
2025-08-28 04:24:15,325 - INFO - Notificación Telegram enviada:   🧲
✅Orden 🟢BUY👆🏼 en BANUSDT 
con 0.11 USDT - 50x
2025-08-28 04:28:36,051 - INFO - Notificación Telegram enviada: ⚠️ Operación en BANUSDT cerrada 💣
2025-08-28 04:28:36,403 - INFO - Conexión a la base de datos exitosa
2025-08-28 04:28:37,932 - INFO - Notificación Telegram enviada: 
  🧲
💠 BANUSDT cerró Profit 🤑
ROI 5.68% - PNL: 0.01 USDT

2025-08-28 04:28:38,685 - INFO - Balance disponible obtenido: 0.999238 USDT
2025-08-28 04:28:39,575 - INFO - Notificación Telegram enviada: ✅ Stats actualizados | 🏆 Wins: 4  💀 Losses: 2  💰 Balance: 1.00 USDT
2025-08-28 04:42:43,236 - INFO - Balance disponible obtenido: 0.9992681 USDT
2025-08-28 05:03:12,488 - INFO - Balance disponible obtenido: 0.99926009 USDT
2025-08-28 05:23:58,974 - INFO - Balance disponible obtenido: 0.99922275 USDT
2025-08-28 05:45:52,222 - INFO - Balance disponible obtenido: 0.99921937 USDT
2025-08-28 06:06:20,332 - INFO - Balance disponible obtenido: 0.99922417 USDT
2025-08-28 06:26:41,251 - INFO - Balance disponible obtenido: 0.99922405 USDT
2025-08-28 06:47:12,437 - INFO - Balance disponible obtenido: 0.99923863 USDT
2025-08-28 07:07:31,569 - INFO - Balance disponible obtenido: 0.99925311 USDT
2025-08-28 07:27:57,651 - INFO - Balance disponible obtenido: 0.99927119 USDT
2025-08-28 07:48:25,624 - INFO - Balance disponible obtenido: 0.99922524 USDT
2025-08-28 08:08:46,443 - INFO - Balance disponible obtenido: 0.99925835 USDT
2025-08-28 08:29:08,648 - INFO - Balance disponible obtenido: 0.99926599 USDT
2025-08-28 08:49:46,378 - INFO - Balance disponible obtenido: 0.99926853 USDT
2025-08-28 09:10:07,572 - INFO - Balance disponible obtenido: 0.99926631 USDT
2025-08-28 09:18:07,634 - INFO - Balance disponible obtenido: 0.99927506 USDT
2025-08-28 09:18:11,028 - INFO - Notificación Telegram enviada:   🧲
✅Orden 🟢BUY👆🏼 en SIRENUSDT 
con 0.11 USDT - 50x
2025-08-28 09:40:52,544 - INFO - Notificación Telegram enviada:   🧲
🔒 PP ajustado a 11.00%  |  en 0.10222  |  PNL💲 0.01 USDT  |  ROI Actual: 13.69%
2025-08-28 09:41:02,034 - INFO - Conexión a la base de datos exitosa
2025-08-28 09:41:04,309 - INFO - Notificación Telegram enviada: 
  🧲
💠 SIRENUSDT cerró Profit 🤑
ROI 7.18% - PNL: 0.01 USDT

2025-08-28 09:41:05,579 - INFO - Balance disponible obtenido: 1.00452579 USDT
2025-08-28 09:41:06,470 - INFO - Notificación Telegram enviada: ✅ Stats actualizados | 🏆 Wins: 5  💀 Losses: 2  💰 Balance: 1.00 USDT
2025-08-28 09:41:08,691 - INFO - Balance disponible obtenido: 1.00452151 USDT
2025-08-28 10:01:32,311 - INFO - Balance disponible obtenido: 1.00445969 USDT
2025-08-28 10:21:56,960 - INFO - Balance disponible obtenido: 1.00446619 USDT
2025-08-28 10:42:27,410 - INFO - Balance disponible obtenido: 1.00446879 USDT
2025-08-28 10:44:34,601 - INFO - Balance disponible obtenido: 1.00440595 USDT
2025-08-28 10:44:39,329 - INFO - Notificación Telegram enviada:   🧲
✅Orden 🟢BUY👆🏼 en SLERFUSDT 
con 0.11 USDT - 50x
2025-08-28 13:58:20,620 - INFO - Conexión a la base de datos exitosa
2025-08-28 13:58:22,382 - INFO - Notificación Telegram enviada: 
  🧲
💠 SLERFUSDT cerró Lose 🥵
ROI -114.22% - PNL: -0.13 USDT

2025-08-28 13:58:23,277 - INFO - Notificación Telegram enviada: 🚨 Pausa por pérdidas consecutivas
2025-08-28 14:08:24,261 - INFO - Balance disponible obtenido: 0.87535573 USDT
2025-08-28 14:08:28,794 - INFO - Notificación Telegram enviada: ✅ Stats actualizados | 🏆 Wins: 5  💀 Losses: 3  💰 Balance: 0.88 USDT
2025-08-28 14:08:31,882 - INFO - Balance disponible obtenido: 0.87532455 USDT
2025-08-28 14:28:50,601 - INFO - Balance disponible obtenido: 0.8753763 USDT
2025-08-28 14:49:08,470 - INFO - Balance disponible obtenido: 0.87522155 USDT
2025-08-28 15:09:29,577 - INFO - Balance disponible obtenido: 0.87527214 USDT
2025-08-28 15:28:19,644 - INFO - Balance disponible obtenido: 0.87529099 USDT
2025-08-28 15:28:22,696 - INFO - Notificación Telegram enviada:   🧲
✅Orden 🟢BUY👆🏼 en ESPORTSUSDT 
con 0.12 USDT - 50x
2025-08-28 15:29:20,078 - INFO - Notificación Telegram enviada:   🧲
🔒 PP ajustado a 11.00%  |  en 0.10081  |  PNL💲 0.01 USDT  |  ROI Actual: 12.87%
2025-08-28 15:30:21,139 - INFO - Notificación Telegram enviada:   🧲
🔒 PP ajustado a 22.00%  |  en 0.10103  |  PNL💲 0.03 USDT  |  ROI Actual: 22.80%
2025-08-28 15:30:45,223 - INFO - Conexión a la base de datos exitosa
2025-08-28 15:30:46,824 - INFO - Notificación Telegram enviada: 
  🧲
💠 ESPORTSUSDT cerró Profit 🤑
ROI 15.89% - PNL: 0.02 USDT

2025-08-28 15:30:47,528 - INFO - Balance disponible obtenido: 0.8941187 USDT
2025-08-28 15:30:48,447 - INFO - Notificación Telegram enviada: ✅ Stats actualizados | 🏆 Wins: 6  💀 Losses: 3  💰 Balance: 0.89 USDT
2025-08-28 15:30:50,110 - INFO - Balance disponible obtenido: 0.89412322 USDT
2025-08-28 15:51:10,910 - INFO - Balance disponible obtenido: 0.89410426 USDT
2025-08-28 16:11:40,994 - INFO - Balance disponible obtenido: 0.8940935 USDT
2025-08-28 16:32:04,059 - INFO - Balance disponible obtenido: 0.89411479 USDT
2025-08-28 16:52:43,247 - INFO - Balance disponible obtenido: 0.89405233 USDT
2025-08-28 17:14:37,696 - INFO - Balance disponible obtenido: 0.89405609 USDT
2025-08-28 17:35:10,134 - INFO - Balance disponible obtenido: 0.89405403 USDT
2025-08-28 17:55:55,549 - INFO - Balance disponible obtenido: 0.89411093 USDT
2025-08-28 21:00:46,786 - INFO - Balance disponible obtenido: 1.29980111 USDT
2025-08-28 21:06:04,606 - INFO - Balance disponible obtenido: 1.29980062 USDT
2025-08-28 21:06:09,074 - INFO - Notificación Telegram enviada:   🧲
✅Orden 🟢BUY👆🏼 en OLUSDT 
con 0.14 USDT - 50x
2025-08-28 21:06:29,965 - INFO - Notificación Telegram enviada:   🧲
🔒 PP ajustado a 11.00%  |  en 0.03981  |  PNL💲 0.02 USDT  |  ROI Actual: 16.66%
2025-08-28 21:06:37,642 - INFO - Conexión a la base de datos exitosa
2025-08-28 21:06:49,638 - INFO - Notificación Telegram enviada: 
  🧲
💠 OLUSDT cerró Profit 🤑
ROI 3.79% - PNL: 0.01 USDT

2025-08-28 21:06:50,318 - INFO - Balance disponible obtenido: 1.30522055 USDT
2025-08-28 21:06:51,206 - INFO - Notificación Telegram enviada: ✅ Stats actualizados | 🏆 Wins: 7  💀 Losses: 3  💰 Balance: 1.31 USDT
2025-08-28 21:21:26,621 - INFO - Balance disponible obtenido: 1.30512482 USDT
2025-08-28 21:42:49,527 - INFO - Balance disponible obtenido: 1.3051571 USDT
2025-08-28 21:49:27,244 - INFO - Balance disponible obtenido: 1.30516167 USDT
2025-08-28 21:49:30,875 - INFO - Notificación Telegram enviada:   🧲
✅Orden 🟢BUY👆🏼 en MOCAUSDT 
con 0.14 USDT - 75x
2025-08-28 22:54:18,572 - INFO - Notificación Telegram enviada: ⚠️ Operación en MOCAUSDT cerrada 💣
2025-08-28 22:54:19,935 - INFO - Conexión a la base de datos exitosa
2025-08-28 22:54:21,882 - INFO - Notificación Telegram enviada: 
  🧲
💠 MOCAUSDT cerró Lose 🥵
ROI -79.48% - PNL: -0.11 USDT

2025-08-28 22:54:44,450 - ERROR - [ERROR] Llamada a Binance falló en obtener_balance_disponible: HTTPSConnectionPool(host='fapi.binance.com', port=443): Read timed out. (read timeout=22)
2025-08-28 22:54:45,519 - INFO - Notificación Telegram enviada: [ERROR] Llamada a Binance falló en obtener_balance_disponible: HTTPSConnectionPool(host='fapi.binance.com', port=443): Read timed out. (read timeout=22)
2025-08-28 22:54:48,356 - INFO - Notificación Telegram enviada: ✅ Stats actualizados | 🏆 Wins: 7  💀 Losses: 4  💰 Balance: 0.00 USDT
2025-08-28 22:54:50,633 - INFO - Balance disponible obtenido: 1.18576793 USDT
2025-08-29 01:02:24,408 - INFO - Balance disponible obtenido: 1.18578825 USDT
2025-08-29 01:22:52,414 - INFO - Balance disponible obtenido: 1.18585041 USDT
2025-08-29 01:31:19,101 - INFO - Balance disponible obtenido: 1.18566459 USDT
2025-08-29 01:31:25,722 - INFO - Notificación Telegram enviada:   🧲
✅Orden 🟢BUY👆🏼 en TAUSDT 
con 0.13 USDT - 50x
2025-08-29 01:32:59,691 - INFO - Notificación Telegram enviada:   🧲
🔒 PP ajustado a 11.00%  |  en 0.05812  |  PNL💲 0.01 USDT  |  ROI Actual: 11.37%
2025-08-29 01:33:48,495 - INFO - Conexión a la base de datos exitosa
2025-08-29 01:33:51,856 - INFO - Notificación Telegram enviada: 
  🧲
💠 TAUSDT cerró Profit 🤑
ROI 4.46% - PNL: 0.01 USDT

2025-08-29 01:33:52,506 - INFO - Balance disponible obtenido: 1.19146019 USDT
2025-08-29 01:33:53,412 - INFO - Notificación Telegram enviada: ✅ Stats actualizados | 🏆 Wins: 8  💀 Losses: 4  💰 Balance: 1.19 USDT
2025-08-29 01:43:29,119 - INFO - Balance disponible obtenido: 1.19144626 USDT
2025-08-29 02:04:07,272 - INFO - Balance disponible obtenido: 1.19148262 USDT
2025-08-29 02:24:51,685 - INFO - Balance disponible obtenido: 1.19150402 USDT
2025-08-29 02:45:28,864 - INFO - Balance disponible obtenido: 1.19152405 USDT
2025-08-29 03:05:59,678 - INFO - Balance disponible obtenido: 1.19152299 USDT
2025-08-29 03:26:30,955 - INFO - Balance disponible obtenido: 1.19159698 USDT
2025-08-29 03:47:16,137 - INFO - Balance disponible obtenido: 1.19160805 USDT
2025-08-29 03:49:19,442 - INFO - Balance disponible obtenido: 1.19160478 USDT
2025-08-29 03:49:23,295 - INFO - Notificación Telegram enviada:   🧲
✅Orden 🟢BUY👆🏼 en FISUSDT 
con 0.24 USDT - 25x
2025-08-29 08:06:31,909 - INFO - Notificación Telegram enviada: ⚠️ Operación en FISUSDT cerrada 💣
2025-08-29 08:06:32,290 - INFO - Conexión a la base de datos exitosa
2025-08-29 08:06:33,856 - INFO - Notificación Telegram enviada: 
  🧲
💠 FISUSDT cerró Lose 🥵
ROI -81.07% - PNL: -0.19 USDT

2025-08-29 08:06:34,771 - INFO - Balance disponible obtenido: 0.99572295 USDT
2025-08-29 08:06:36,281 - INFO - Notificación Telegram enviada: ✅ Stats actualizados | 🏆 Wins: 8  💀 Losses: 5  💰 Balance: 1.00 USDT
2025-08-29 08:06:37,956 - INFO - Balance disponible obtenido: 0.9957144 USDT
2025-08-29 08:20:08,581 - INFO - Balance disponible obtenido: 0.99575309 USDT
2025-08-29 08:20:11,595 - INFO - Notificación Telegram enviada:   🧲
✅Orden 🟢BUY👆🏼 en BSWUSDT 
con 0.24 USDT - 25x
2025-08-29 08:23:12,415 - INFO - Notificación Telegram enviada:   🧲
🔒 PP ajustado a 11.00%  |  en 0.01827  |  PNL💲 0.03 USDT  |  ROI Actual: 12.37%
2025-08-29 08:23:20,831 - INFO - Notificación Telegram enviada:   🧲
🔒 PP ajustado a 22.00%  |  en 0.01835  |  PNL💲 0.05 USDT  |  ROI Actual: 27.04%
2025-08-29 08:23:54,792 - INFO - Conexión a la base de datos exitosa
2025-08-29 08:23:56,446 - INFO - Notificación Telegram enviada: 
  🧲
💠 BSWUSDT cerró Profit 🤑
ROI 23.63% - PNL: 0.06 USDT

2025-08-29 08:23:57,097 - INFO - Balance disponible obtenido: 1.05240456 USDT
2025-08-29 08:23:57,984 - INFO - Notificación Telegram enviada: ✅ Stats actualizados | 🏆 Wins: 9  💀 Losses: 5  💰 Balance: 1.05 USDT
2025-08-29 08:27:06,736 - INFO - Balance disponible obtenido: 1.05243708 USDT
2025-08-29 08:36:17,976 - INFO - Balance disponible obtenido: 1.05239687 USDT
2025-08-29 08:36:21,912 - INFO - Notificación Telegram enviada:   🧲
✅Orden 👇🏼SELL🔴 en SQDUSDT 
con 0.12 USDT - 50x
2025-08-29 08:39:16,370 - INFO - Notificación Telegram enviada:   🧲
🔒 PP ajustado a 11.00%  |  en 0.0893  |  PNL💲 0.01 USDT  |  ROI Actual: 13.97%
2025-08-29 08:39:19,483 - INFO - Conexión a la base de datos exitosa
2025-08-29 08:39:23,849 - INFO - Notificación Telegram enviada: 
  🧲
💠 SQDUSDT cerró Profit 🤑
ROI 3.35% - PNL: 0.00 USDT

2025-08-29 08:39:25,008 - INFO - Balance disponible obtenido: 1.05627897 USDT
2025-08-29 08:39:25,906 - INFO - Notificación Telegram enviada: ✅ Stats actualizados | 🏆 Wins: 10  💀 Losses: 5  💰 Balance: 1.06 USDT
2025-08-29 08:47:41,651 - INFO - Balance disponible obtenido: 1.05626893 USDT
2025-08-29 09:08:05,571 - INFO - Balance disponible obtenido: 1.05627276 USDT
2025-08-29 09:28:45,198 - INFO - Balance disponible obtenido: 1.05628647 USDT
2025-08-29 09:49:26,611 - INFO - Balance disponible obtenido: 1.05627492 USDT
2025-08-29 09:55:11,139 - INFO - Balance disponible obtenido: 1.05625104 USDT
2025-08-29 09:55:13,861 - INFO - Notificación Telegram enviada:   🧲
✅Orden 🟢BUY👆🏼 en NEIROETHUSDT 
con 0.12 USDT - 50x
2025-08-29 11:06:03,536 - INFO - Conexión a la base de datos exitosa
2025-08-29 11:06:05,150 - INFO - Notificación Telegram enviada: 
  🧲
💠 NEIROETHUSDT cerró Lose 🥵
ROI -113.97% - PNL: -0.13 USDT

2025-08-29 11:06:07,225 - INFO - Notificación Telegram enviada: 🚨 Pausa por pérdidas consecutivas
2025-08-29 11:16:08,075 - INFO - Balance disponible obtenido: 0.92107959 USDT
2025-08-29 11:16:09,036 - INFO - Notificación Telegram enviada: ✅ Stats actualizados | 🏆 Wins: 10  💀 Losses: 6  💰 Balance: 0.92 USDT
2025-08-29 11:16:14,598 - INFO - Balance disponible obtenido: 0.92096707 USDT
2025-08-29 11:18:16,126 - INFO - Balance disponible obtenido: 0.92098 USDT
2025-08-29 11:18:19,653 - INFO - Notificación Telegram enviada:   🧲
✅Orden 👇🏼SELL🔴 en CHESSUSDT 
con 0.12 USDT - 50x
2025-08-29 13:04:26,060 - INFO - Notificación Telegram enviada:   🧲
🔒 PP ajustado a 11.00%  |  en 0.0712  |  PNL💲 0.01 USDT  |  ROI Actual: 15.46%
2025-08-29 13:04:44,780 - INFO - Conexión a la base de datos exitosa
2025-08-29 13:04:47,756 - INFO - Notificación Telegram enviada: 
  🧲
💠 CHESSUSDT cerró Profit 🤑
ROI 8.97% - PNL: 0.01 USDT

2025-08-29 13:04:50,199 - INFO - Balance disponible obtenido: 0.92873791 USDT
2025-08-29 13:04:51,568 - INFO - Notificación Telegram enviada: ✅ Stats actualizados | 🏆 Wins: 11  💀 Losses: 6  💰 Balance: 0.93 USDT
2025-08-29 13:05:01,585 - INFO - Balance disponible obtenido: 0.92873028 USDT
2025-08-29 13:07:54,525 - INFO - Balance disponible obtenido: 0.92876943 USDT
2025-08-29 13:07:58,345 - INFO - Notificación Telegram enviada:   🧲
✅Orden 👇🏼SELL🔴 en ESPORTSUSDT 
con 0.10 USDT - 50x
2025-08-29 13:25:43,008 - INFO - Conexión a la base de datos exitosa
2025-08-29 13:25:44,682 - INFO - Notificación Telegram enviada: 
  🧲
💠 ESPORTSUSDT cerró Lose 🥵
ROI -109.20% - PNL: -0.11 USDT

2025-08-29 13:25:45,502 - INFO - Balance disponible obtenido: 0.81468774 USDT
2025-08-29 13:25:46,363 - INFO - Notificación Telegram enviada: ✅ Stats actualizados | 🏆 Wins: 11  💀 Losses: 7  💰 Balance: 0.81 USDT
2025-08-29 13:26:26,185 - INFO - Balance disponible obtenido: 0.81467201 USDT
2025-08-29 13:28:19,895 - INFO - Balance disponible obtenido: 0.81468709 USDT
2025-08-29 13:28:23,862 - INFO - Notificación Telegram enviada:   🧲
✅Orden 👇🏼SELL🔴 en JOEUSDT 
con 0.12 USDT - 50x
2025-08-29 13:36:58,699 - INFO - Notificación Telegram enviada:   🧲
🔒 PP ajustado a 11.00%  |  en 0.15186  |  PNL💲 0.01 USDT  |  ROI Actual: 11.03%
2025-08-29 13:37:03,060 - INFO - Conexión a la base de datos exitosa
2025-08-29 13:37:04,798 - INFO - Notificación Telegram enviada: 
  🧲
💠 JOEUSDT cerró Profit 🤑
ROI 7.70% - PNL: 0.01 USDT

2025-08-29 13:37:06,377 - INFO - Balance disponible obtenido: 0.82093294 USDT
2025-08-29 13:37:07,309 - INFO - Notificación Telegram enviada: ✅ Stats actualizados | 🏆 Wins: 12  💀 Losses: 7  💰 Balance: 0.82 USDT
2025-08-29 13:37:39,532 - INFO - Balance disponible obtenido: 0.82091943 USDT
2025-08-29 13:37:43,649 - INFO - Notificación Telegram enviada:   🧲
✅Orden 👇🏼SELL🔴 en HIVEUSDT 
con 0.12 USDT - 50x
2025-08-29 14:05:57,505 - INFO - Notificación Telegram enviada:   🧲
🔒 PP ajustado a 11.00%  |  en 0.19923  |  PNL💲 0.01 USDT  |  ROI Actual: 11.77%
2025-08-29 14:11:20,712 - INFO - Notificación Telegram enviada:   🧲
🔒 PP ajustado a 22.00%  |  en 0.19879  |  PNL💲 0.03 USDT  |  ROI Actual: 22.29%
2025-08-29 14:12:05,064 - INFO - Conexión a la base de datos exitosa
2025-08-29 14:12:06,693 - INFO - Notificación Telegram enviada: 
  🧲
💠 HIVEUSDT cerró Profit 🤑
ROI 19.05% - PNL: 0.02 USDT

2025-08-29 14:12:07,489 - INFO - Balance disponible obtenido: 0.84074529 USDT
2025-08-29 14:12:09,396 - INFO - Notificación Telegram enviada: ✅ Stats actualizados | 🏆 Wins: 13  💀 Losses: 7  💰 Balance: 0.84 USDT
2025-08-29 14:12:13,231 - INFO - Balance disponible obtenido: 0.84073067 USDT
2025-08-29 14:23:09,383 - INFO - Balance disponible obtenido: 0.84078469 USDT
2025-08-29 14:23:15,346 - INFO - Notificación Telegram enviada:   🧲
✅Orden 👇🏼SELL🔴 en PHAUSDT 
con 0.12 USDT - 50x
2025-08-29 15:01:01,774 - INFO - Notificación Telegram enviada: ⚠️ Operación en PHAUSDT cerrada 💣
2025-08-29 15:01:02,458 - INFO - Conexión a la base de datos exitosa
2025-08-29 15:01:04,913 - INFO - Notificación Telegram enviada: 
  🧲
💠 PHAUSDT cerró Profit 🤑
ROI 8.52% - PNL: 0.01 USDT

2025-08-29 15:01:09,645 - INFO - Balance disponible obtenido: 0.84787363 USDT
2025-08-29 15:01:12,200 - INFO - Notificación Telegram enviada: ✅ Stats actualizados | 🏆 Wins: 14  💀 Losses: 7  💰 Balance: 0.85 USDT
2025-08-29 15:01:14,015 - INFO - Balance disponible obtenido: 0.84786889 USDT
2025-08-29 15:21:50,971 - INFO - Balance disponible obtenido: 0.84784491 USDT
2025-08-29 15:42:30,053 - INFO - Balance disponible obtenido: 0.84784773 USDT
2025-08-30 00:31:24,387 - INFO - Balance disponible obtenido: 0.84794383 USDT
2025-09-26 23:06:19,712 - INFO - Balance disponible obtenido: 4.3e-05 USDT
2025-09-26 23:06:20,428 - INFO -   🧲
✅ Transferencia realizada de 1.00 USDT a la cuenta de futuros. Detalles: {'tranId': 301186562619}
2025-09-26 23:07:23,935 - INFO - Notificación Telegram enviada:   🧲
✅ Transferencia realizada de 1.00 USDT a la cuenta de futuros. Detalles: {'tranId': 301186562619}
2025-09-26 23:08:26,918 - INFO - Notificación Telegram enviada: ⚡🚩 Balance bajo... (0.00 USDT), recargando 1 USDT... 😉🤑💪🏽
2025-09-26 23:11:31,496 - INFO - Balance disponible obtenido: 1.00055626 USDT
2025-09-26 23:12:37,267 - INFO - Notificación Telegram enviada:   🧲
✅Orden 🟢BUY👆🏼 en AINUSDT 
con 0.11 USDT - 50x
2025-09-27 02:45:15,404 - INFO - Notificación Telegram enviada:   🧲
🔒 PP ajustado a 31.00%  |  en 0.15218  |  PNL💲 0.03 USDT  |  ROI Actual: 40.07%
2025-09-27 03:05:30,689 - INFO - Notificación Telegram enviada:   🧲
🔒 PP ajustado a 62.00%  |  en 0.15312  |  PNL💲 0.07 USDT  |  ROI Actual: 83.64%
2025-09-27 03:10:47,448 - INFO - Notificación Telegram enviada:   🧲
🔒 PP ajustado a 93.00%  |  en 0.15406  |  PNL💲 0.10 USDT  |  ROI Actual: 121.36%
2025-09-27 03:27:13,471 - INFO - Notificación Telegram enviada:   🧲
🔒 PP ajustado a 124.00%  |  en 0.155  |  PNL💲 0.14 USDT  |  ROI Actual: 160.88%
2025-09-27 03:29:41,951 - INFO - Notificación Telegram enviada:   🧲
🔒 PP ajustado a 155.00%  |  en 0.15593  |  PNL💲 0.17 USDT  |  ROI Actual: 200.99%
2025-09-27 03:30:47,756 - INFO - Notificación Telegram enviada:   🧲
🔒 PP ajustado a 186.00%  |  en 0.15687  |  PNL💲 0.20 USDT  |  ROI Actual: 248.06%
2025-09-27 04:15:57,128 - INFO - Notificación Telegram enviada:   🧲
🔒 PP ajustado a 217.00%  |  en 0.15781  |  PNL💲 0.24 USDT  |  ROI Actual: 281.31%
2025-09-27 05:15:09,132 - INFO - Conexión a la base de datos exitosa
2025-09-27 05:16:17,959 - INFO - Notificación Telegram enviada: 
  🧲
💠 AINUSDT cerró Profit 🤑
ROI 211.34% - PNL: 0.23 USDT

2025-09-27 05:16:18,717 - INFO - Balance disponible obtenido: 1.22789056 USDT
2025-09-27 05:17:21,700 - INFO - Notificación Telegram enviada: ✅ Stats actualizados | 🏆 Wins: 15  💀 Losses: 7  💰 Balance: 1.23 USDT
2025-09-27 05:17:24,062 - INFO - Balance disponible obtenido: 1.22790346 USDT
2025-09-27 05:38:11,290 - INFO - Balance disponible obtenido: 1.22787435 USDT
2025-09-27 05:40:37,916 - INFO - Balance disponible obtenido: 1.2278793 USDT
2025-09-27 05:41:43,420 - INFO - Notificación Telegram enviada:   🧲
✅Orden 👇🏼SELL🔴 en TAKEUSDT 
con 0.14 USDT - 50x
2025-09-27 07:49:09,624 - INFO - Conexión a la base de datos exitosa
2025-09-27 07:50:16,227 - INFO - Notificación Telegram enviada: 
  🧲
💠 TAKEUSDT cerró Lose 🥵
ROI -39.09% - PNL: -0.05 USDT

2025-09-27 07:50:17,025 - INFO - Balance disponible obtenido: 1.17173822 USDT
2025-09-27 07:51:20,028 - INFO - Notificación Telegram enviada: ✅ Stats actualizados | 🏆 Wins: 15  💀 Losses: 8  💰 Balance: 1.17 USDT
2025-09-27 07:51:24,469 - INFO - Balance disponible obtenido: 1.17180711 USDT
2025-09-27 08:02:07,775 - INFO - Balance disponible obtenido: 1.17171234 USDT
2025-09-27 08:03:12,711 - INFO - Notificación Telegram enviada:   🧲
✅Orden 🟢BUY👆🏼 en HOOKUSDT 
con 0.13 USDT - 50x
2025-09-27 08:06:33,303 - INFO - Conexión a la base de datos exitosa
2025-09-27 08:07:36,928 - INFO - Notificación Telegram enviada: 
  🧲
💠 HOOKUSDT cerró Lose 🥵
ROI -39.19% - PNL: -0.05 USDT

2025-09-27 08:08:39,897 - INFO - Notificación Telegram enviada: 🚨 Pausa por pérdidas consecutivas
2025-09-27 08:18:40,797 - INFO - Balance disponible obtenido: 1.12119017 USDT
2025-09-27 08:19:44,386 - INFO - Notificación Telegram enviada: ✅ Stats actualizados | 🏆 Wins: 15  💀 Losses: 9  💰 Balance: 1.12 USDT
2025-09-27 08:19:46,022 - INFO - Balance disponible obtenido: 1.12117999 USDT
2025-09-27 08:40:34,583 - INFO - Balance disponible obtenido: 1.12116219 USDT
2025-09-27 09:01:11,276 - INFO - Balance disponible obtenido: 1.12120544 USDT
2025-09-27 09:21:56,608 - INFO - Balance disponible obtenido: 1.1211448 USDT
2025-09-27 09:36:49,116 - INFO - Balance disponible obtenido: 1.12124473 USDT
2025-09-27 09:37:57,989 - INFO - Notificación Telegram enviada:   🧲
✅Orden 👇🏼SELL🔴 en AINUSDT 
con 0.12 USDT - 50x
2025-09-27 11:12:59,152 - INFO - Notificación Telegram enviada: ⚠️ Operación en AINUSDT cerrada 💣
2025-09-27 11:12:59,772 - INFO - Conexión a la base de datos exitosa
2025-09-27 11:14:03,518 - INFO - Notificación Telegram enviada: 
  🧲
💠 AINUSDT cerró Profit 🤑
ROI 6.06% - PNL: 0.01 USDT

2025-09-27 11:14:04,309 - INFO - Balance disponible obtenido: 1.1256258 USDT
2025-09-27 11:15:10,159 - INFO - Notificación Telegram enviada: ✅ Stats actualizados | 🏆 Wins: 16  💀 Losses: 9  💰 Balance: 1.13 USDT
2025-09-27 11:15:11,813 - INFO - Balance disponible obtenido: 1.12559573 USDT
2025-09-27 11:17:47,089 - INFO - Balance disponible obtenido: 1.12563824 USDT
2025-09-27 11:18:52,643 - INFO - Notificación Telegram enviada:   🧲
✅Orden 🟢BUY👆🏼 en BANUSDT 
con 0.12 USDT - 50x
2025-09-27 11:28:35,678 - INFO - Notificación Telegram enviada:   🧲
🔒 PP ajustado a 31.00%  |  en 0.06682  |  PNL💲 0.04 USDT  |  ROI Actual: 41.80%
2025-09-27 11:34:54,737 - INFO - Conexión a la base de datos exitosa
2025-09-27 11:35:58,419 - INFO - Notificación Telegram enviada: 
  🧲
💠 BANUSDT cerró Profit 🤑
ROI 27.27% - PNL: 0.03 USDT

2025-09-27 11:35:59,189 - INFO - Balance disponible obtenido: 1.15636598 USDT
2025-09-27 11:37:02,179 - INFO - Notificación Telegram enviada: ✅ Stats actualizados | 🏆 Wins: 17  💀 Losses: 9  💰 Balance: 1.16 USDT
2025-09-27 11:37:05,470 - INFO - Balance disponible obtenido: 1.15638661 USDT
2025-09-27 11:57:51,994 - INFO - Balance disponible obtenido: 1.15640545 USDT
2025-09-27 12:18:41,319 - INFO - Balance disponible obtenido: 1.15633007 USDT
2025-09-27 12:39:32,538 - INFO - Balance disponible obtenido: 1.15631073 USDT
2025-09-27 12:42:17,370 - INFO - Balance disponible obtenido: 1.15633584 USDT
2025-09-27 12:43:22,078 - INFO - Notificación Telegram enviada:   🧲
✅Orden 🟢BUY👆🏼 en TAKEUSDT 
con 0.13 USDT - 50x
2025-09-27 13:01:05,370 - INFO - Notificación Telegram enviada: ⚠️ Operación en TAKEUSDT cerrada 💣
2025-09-27 13:01:05,733 - INFO - Conexión a la base de datos exitosa
2025-09-27 13:02:12,371 - INFO - Notificación Telegram enviada: 
  🧲
💠 TAKEUSDT cerró Lose 🥵
ROI -1.63% - PNL: -0.00 USDT

2025-09-27 13:02:13,173 - INFO - Balance disponible obtenido: 1.15112251 USDT
2025-09-27 13:03:16,161 - INFO - Notificación Telegram enviada: ✅ Stats actualizados | 🏆 Wins: 17  💀 Losses: 10  💰 Balance: 1.15 USDT
2025-09-27 13:03:17,798 - INFO - Balance disponible obtenido: 1.15110757 USDT
2025-09-27 13:24:19,486 - INFO - Balance disponible obtenido: 1.15105317 USDT
2025-09-27 13:45:10,769 - INFO - Balance disponible obtenido: 1.1510735 USDT
2025-09-27 13:48:12,436 - INFO - Balance disponible obtenido: 1.15112669 USDT
2025-09-27 13:49:17,558 - INFO - Notificación Telegram enviada:   🧲
✅Orden 🟢BUY👆🏼 en ESPORTSUSDT 
con 0.13 USDT - 50x
2025-09-27 13:52:25,222 - INFO - Conexión a la base de datos exitosa
2025-09-27 13:53:28,947 - INFO - Notificación Telegram enviada: 
  🧲
💠 ESPORTSUSDT cerró Lose 🥵
ROI -38.23% - PNL: -0.05 USDT

2025-09-27 13:53:29,739 - INFO - Balance disponible obtenido: 1.10267488 USDT
2025-09-27 13:54:32,739 - INFO - Notificación Telegram enviada: ✅ Stats actualizados | 🏆 Wins: 17  💀 Losses: 11  💰 Balance: 1.10 USDT
2025-09-27 13:54:34,078 - INFO - Balance disponible obtenido: 1.1026555 USDT
2025-09-27 13:55:38,762 - INFO - Notificación Telegram enviada:   🧲
✅Orden 👇🏼SELL🔴 en SAPIENUSDT 
con 0.12 USDT - 50x
2025-09-27 14:02:00,191 - INFO - Notificación Telegram enviada:   🧲
🔒 PP ajustado a 31.00%  |  en 0.18428  |  PNL💲 0.04 USDT  |  ROI Actual: 42.01%
2025-09-27 14:03:01,587 - INFO - Conexión a la base de datos exitosa
2025-09-27 14:04:05,216 - INFO - Notificación Telegram enviada: 
  🧲
💠 SAPIENUSDT cerró Profit 🤑
ROI 26.79% - PNL: 0.03 USDT

2025-09-27 14:04:06,024 - INFO - Balance disponible obtenido: 1.13221323 USDT
2025-09-27 14:05:08,997 - INFO - Notificación Telegram enviada: ✅ Stats actualizados | 🏆 Wins: 18  💀 Losses: 11  💰 Balance: 1.13 USDT
2025-09-27 14:06:05,908 - INFO - Balance disponible obtenido: 1.13222106 USDT
2025-09-27 14:10:23,655 - ERROR - Max reconnections 5 reached:
2025-09-27 14:10:28,784 - ERROR - Max reconnections 5 reached:
2025-09-27 14:10:30,906 - ERROR - Max reconnections 5 reached:
2025-09-27 14:10:46,273 - ERROR - Max reconnections 5 reached:
2025-09-27 14:10:47,601 - ERROR - Max reconnections 5 reached:
2025-09-27 14:10:57,683 - ERROR - Max reconnections 5 reached:
2025-09-27 14:10:58,600 - ERROR - Max reconnections 5 reached:
2025-09-27 14:11:04,083 - ERROR - Max reconnections 5 reached:
2025-09-27 14:11:05,355 - ERROR - Max reconnections 5 reached:
2025-09-27 14:27:06,336 - INFO - Balance disponible obtenido: 1.13218169 USDT
2025-09-27 14:29:57,818 - INFO - Balance disponible obtenido: 1.13209754 USDT
2025-09-27 14:31:03,647 - INFO - Notificación Telegram enviada:   🧲
✅Orden 👇🏼SELL🔴 en CROSSUSDT 
con 0.12 USDT - 50x
2025-09-27 14:43:08,663 - INFO - Conexión a la base de datos exitosa
2025-09-27 14:44:15,032 - INFO - Notificación Telegram enviada: 
  🧲
💠 CROSSUSDT cerró Lose 🥵
ROI -35.22% - PNL: -0.04 USDT

2025-09-27 14:45:18,107 - INFO - Notificación Telegram enviada: 🚨 Pausa por pérdidas consecutivas
2025-09-27 14:55:19,045 - INFO - Balance disponible obtenido: 1.08524413 USDT
2025-09-27 14:56:22,070 - INFO - Notificación Telegram enviada: ✅ Stats actualizados | 🏆 Wins: 18  💀 Losses: 12  💰 Balance: 1.09 USDT
2025-09-27 14:56:25,295 - INFO - Balance disponible obtenido: 1.08522722 USDT
2025-09-27 15:17:55,339 - INFO - Balance disponible obtenido: 1.08522587 USDT
2025-09-27 15:38:50,075 - INFO - Balance disponible obtenido: 1.08523526 USDT
2025-09-27 15:59:52,399 - INFO - Balance disponible obtenido: 1.08525141 USDT
2025-09-27 16:20:51,879 - INFO - Balance disponible obtenido: 1.08526811 USDT
2025-09-27 16:41:43,843 - INFO - Balance disponible obtenido: 1.08525861 USDT
2025-09-27 17:02:36,108 - INFO - Balance disponible obtenido: 1.0851792 USDT
2025-09-27 17:23:36,121 - INFO - Balance disponible obtenido: 1.08525648 USDT
2025-09-27 17:44:32,820 - INFO - Balance disponible obtenido: 1.08520397 USDT
2025-09-27 18:05:45,079 - INFO - Balance disponible obtenido: 1.08522948 USDT
2025-09-27 18:10:04,157 - INFO - Balance disponible obtenido: 1.08525783 USDT
2025-09-27 18:11:09,551 - INFO - Notificación Telegram enviada:   🧲
✅Orden 🟢BUY👆🏼 en SAPIENUSDT 
con 0.12 USDT - 50x
2025-09-27 18:16:57,049 - INFO - Notificación Telegram enviada: ⚠️ Operación en SAPIENUSDT cerrada 💣
2025-09-27 18:16:57,497 - INFO - Conexión a la base de datos exitosa
2025-09-27 18:18:04,058 - INFO - Notificación Telegram enviada: 
  🧲
💠 SAPIENUSDT cerró Profit 🤑
ROI 6.36% - PNL: 0.01 USDT

2025-09-27 18:18:05,907 - INFO - Balance disponible obtenido: 1.08987443 USDT
2025-09-27 18:19:08,948 - INFO - Notificación Telegram enviada: ✅ Stats actualizados | 🏆 Wins: 19  💀 Losses: 12  💰 Balance: 1.09 USDT
2025-09-27 18:26:53,229 - INFO - Balance disponible obtenido: 1.08988778 USDT
2025-09-27 18:48:01,982 - INFO - Balance disponible obtenido: 1.08991794 USDT
2025-09-27 19:09:02,680 - INFO - Balance disponible obtenido: 1.08990984 USDT
2025-09-27 19:30:33,491 - INFO - Balance disponible obtenido: 1.08990698 USDT
2025-09-27 19:52:01,623 - INFO - Balance disponible obtenido: 1.089907 USDT
2025-09-27 20:13:00,813 - INFO - Balance disponible obtenido: 1.08999088 USDT
2025-09-27 20:34:12,391 - INFO - Balance disponible obtenido: 1.08993876 USDT
2025-09-27 20:36:38,422 - INFO - Balance disponible obtenido: 1.08990853 USDT
2025-09-27 20:37:44,362 - INFO - Notificación Telegram enviada:   🧲
✅Orden 🟢BUY👆🏼 en SIRENUSDT 
con 0.12 USDT - 50x
2025-09-27 20:41:28,635 - INFO - Notificación Telegram enviada: ⚠️ Operación en SIRENUSDT cerrada 💣
2025-09-27 20:41:29,348 - INFO - Conexión a la base de datos exitosa
2025-09-27 21:15:09,706 - INFO - Balance disponible obtenido: 1.06380407 USDT
2025-09-27 21:36:03,098 - INFO - Balance disponible obtenido: 1.06377324 USDT
2025-09-27 21:38:46,156 - INFO - Balance disponible obtenido: 1.06380422 USDT
2025-09-27 21:39:52,252 - INFO - Notificación Telegram enviada:   🧲
✅Orden 👇🏼SELL🔴 en RESOLVUSDT 
con 0.12 USDT - 50x
2025-09-27 22:00:47,372 - INFO - Notificación Telegram enviada: ⚠️ Operación en RESOLVUSDT cerrada 💣
2025-09-27 22:00:47,957 - INFO - Conexión a la base de datos exitosa
2025-09-27 22:01:55,941 - INFO - Notificación Telegram enviada: 
  🧲
💠 RESOLVUSDT cerró Lose 🥵
ROI -4.31% - PNL: -0.01 USDT

2025-09-27 22:01:56,718 - INFO - Balance disponible obtenido: 1.05589597 USDT
2025-09-27 22:02:59,703 - INFO - Notificación Telegram enviada: ✅ Stats actualizados | 🏆 Wins: 19  💀 Losses: 13  💰 Balance: 1.06 USDT
2025-09-27 22:03:04,916 - INFO - Balance disponible obtenido: 1.05586692 USDT
2025-09-27 22:12:05,486 - INFO - Balance disponible obtenido: 1.05585681 USDT
2025-09-27 22:13:10,211 - INFO - Notificación Telegram enviada:   🧲
✅Orden 🟢BUY👆🏼 en AINUSDT 
con 0.12 USDT - 50x
2025-09-27 22:16:41,480 - INFO - Notificación Telegram enviada:   🧲
🔒 PP ajustado a 31.00%  |  en 0.15466  |  PNL💲 0.04 USDT  |  ROI Actual: 40.24%
2025-09-27 22:32:54,970 - INFO - Notificación Telegram enviada: ⚠️ Operación en AINUSDT cerrada 💣
2025-09-27 22:32:55,350 - INFO - Conexión a la base de datos exitosa
2025-09-27 22:34:00,725 - INFO - Notificación Telegram enviada: 
  🧲
💠 AINUSDT cerró Profit 🤑
ROI 41.49% - PNL: 0.05 USDT

2025-09-27 22:34:01,494 - INFO - Balance disponible obtenido: 1.10131219 USDT
2025-09-27 22:35:04,465 - INFO - Notificación Telegram enviada: ✅ Stats actualizados | 🏆 Wins: 20  💀 Losses: 13  💰 Balance: 1.10 USDT
2025-09-27 22:35:10,608 - INFO - Balance disponible obtenido: 1.10131854 USDT
2025-09-27 22:53:09,290 - INFO - Balance disponible obtenido: 1.10122206 USDT
2025-09-27 22:54:16,961 - INFO - Notificación Telegram enviada:   🧲
✅Orden 👇🏼SELL🔴 en SAPIENUSDT 
con 0.12 USDT - 50x
2025-09-27 23:21:18,291 - INFO - Notificación Telegram enviada:   🧲
🔒 PP ajustado a 31.00%  |  en 0.18256  |  PNL💲 0.04 USDT  |  ROI Actual: 40.56%
2025-09-27 23:21:20,886 - INFO - Conexión a la base de datos exitosa
2025-09-27 23:22:27,436 - INFO - Notificación Telegram enviada: 
  🧲
💠 SAPIENUSDT cerró Profit 🤑
ROI 26.86% - PNL: 0.03 USDT

2025-09-27 23:22:28,261 - INFO - Balance disponible obtenido: 1.13088912 USDT
2025-09-27 23:23:31,247 - INFO - Notificación Telegram enviada: ✅ Stats actualizados | 🏆 Wins: 21  💀 Losses: 13  💰 Balance: 1.13 USDT
2025-09-27 23:23:35,688 - INFO - Balance disponible obtenido: 1.13083816 USDT
2025-09-27 23:44:43,035 - INFO - Balance disponible obtenido: 1.13085761 USDT
2025-09-28 00:00:07,474 - INFO - Balance disponible obtenido: 1.13079644 USDT
2025-09-28 00:01:14,714 - INFO - Notificación Telegram enviada:   🧲
✅Orden 🟢BUY👆🏼 en SIRENUSDT 
con 0.12 USDT - 50x
2025-09-28 00:05:56,903 - INFO - Conexión a la base de datos exitosa
2025-09-28 00:07:00,675 - INFO - Notificación Telegram enviada: 
  🧲
💠 SIRENUSDT cerró Lose 🥵
ROI -40.89% - PNL: -0.05 USDT

2025-09-28 00:07:01,442 - INFO - Balance disponible obtenido: 1.07683819 USDT
2025-09-28 00:08:04,447 - INFO - Notificación Telegram enviada: ✅ Stats actualizados | 🏆 Wins: 21  💀 Losses: 14  💰 Balance: 1.08 USDT
2025-09-28 00:08:07,459 - INFO - Balance disponible obtenido: 1.07685156 USDT
2025-09-28 00:29:11,124 - INFO - Balance disponible obtenido: 1.07684496 USDT
2025-09-28 00:50:04,196 - INFO - Balance disponible obtenido: 1.07683579 USDT
2025-09-28 01:11:09,611 - INFO - Balance disponible obtenido: 1.07684292 USDT
2025-09-28 01:32:01,494 - INFO - Balance disponible obtenido: 1.07685946 USDT
2025-09-28 01:42:17,051 - INFO - Balance disponible obtenido: 1.07687257 USDT
2025-09-28 01:43:23,073 - INFO - Notificación Telegram enviada:   🧲
✅Orden 🟢BUY👆🏼 en AIOUSDT 
con 0.12 USDT - 50x
2025-09-28 01:59:48,051 - INFO - Conexión a la base de datos exitosa
2025-09-28 02:00:52,098 - INFO - Notificación Telegram enviada: 
  🧲
💠 AIOUSDT cerró Lose 🥵
ROI -35.88% - PNL: -0.04 USDT

2025-09-28 02:01:55,361 - INFO - Notificación Telegram enviada: 🚨 Pausa por pérdidas consecutivas
2025-09-28 02:11:56,208 - INFO - Balance disponible obtenido: 1.03138639 USDT
2025-09-28 02:12:59,183 - INFO - Notificación Telegram enviada: ✅ Stats actualizados | 🏆 Wins: 21  💀 Losses: 15  💰 Balance: 1.03 USDT
2025-09-28 02:13:00,822 - INFO - Balance disponible obtenido: 1.0313703 USDT
2025-09-28 02:33:55,167 - INFO - Balance disponible obtenido: 1.03133633 USDT
2025-09-28 02:54:46,651 - INFO - Balance disponible obtenido: 1.0313416 USDT
2025-09-28 03:15:39,425 - INFO - Balance disponible obtenido: 1.03127796 USDT
2025-09-28 03:36:31,906 - INFO - Balance disponible obtenido: 1.03137797 USDT
2025-09-28 03:57:21,711 - INFO - Balance disponible obtenido: 1.03134641 USDT
2025-09-28 04:18:22,515 - INFO - Balance disponible obtenido: 1.03138848 USDT
2025-09-28 04:35:03,474 - INFO - Balance disponible obtenido: 1.03143543 USDT
2025-09-28 04:36:09,621 - INFO - Notificación Telegram enviada:   🧲
✅Orden 🟢BUY👆🏼 en FISUSDT 
con 0.24 USDT - 25x
2025-09-28 05:28:08,590 - INFO - Notificación Telegram enviada:   🧲
🔒 PP ajustado a 31.00%  |  en 0.09011  |  PNL💲 0.07 USDT  |  ROI Actual: 45.22%
2025-09-28 05:28:41,497 - INFO - Conexión a la base de datos exitosa
2025-09-28 05:29:45,232 - INFO - Notificación Telegram enviada: 
  🧲
💠 FISUSDT cerró Profit 🤑
ROI 29.06% - PNL: 0.07 USDT

2025-09-28 05:29:47,095 - INFO - Balance disponible obtenido: 1.09749368 USDT
2025-09-28 05:30:50,404 - INFO - Notificación Telegram enviada: ✅ Stats actualizados | 🏆 Wins: 22  💀 Losses: 15  💰 Balance: 1.10 USDT
2025-09-28 05:30:54,688 - INFO - Balance disponible obtenido: 1.09748628 USDT
2025-09-28 05:51:58,598 - INFO - Balance disponible obtenido: 1.09747606 USDT
2025-09-28 06:00:06,882 - INFO - Balance disponible obtenido: 1.09748105 USDT
2025-09-28 06:01:11,654 - INFO - Notificación Telegram enviada:   🧲
✅Orden 👇🏼SELL🔴 en JOEUSDT 
con 0.12 USDT - 50x
2025-09-28 07:04:42,154 - INFO - Notificación Telegram enviada:   🧲
🔒 PP ajustado a 31.00%  |  en 0.15908  |  PNL💲 0.04 USDT  |  ROI Actual: 41.92%
2025-09-28 07:04:43,813 - INFO - Conexión a la base de datos exitosa
2025-09-28 07:05:52,489 - INFO - Notificación Telegram enviada: 
  🧲
💠 JOEUSDT cerró Profit 🤑
ROI 26.37% - PNL: 0.03 USDT

2025-09-28 07:05:53,295 - INFO - Balance disponible obtenido: 1.12635494 USDT
2025-09-28 07:06:56,265 - INFO - Notificación Telegram enviada: ✅ Stats actualizados | 🏆 Wins: 23  💀 Losses: 15  💰 Balance: 1.13 USDT
2025-09-28 07:07:00,103 - INFO - Balance disponible obtenido: 1.12631927 USDT
2025-09-28 07:28:10,013 - INFO - Balance disponible obtenido: 1.1263893 USDT
2025-09-28 07:49:10,808 - INFO - Balance disponible obtenido: 1.12631957 USDT
2025-09-28 08:10:10,240 - INFO - Balance disponible obtenido: 1.12638436 USDT
2025-09-28 08:21:38,019 - INFO - Balance disponible obtenido: 1.12642038 USDT
2025-09-28 08:22:44,092 - INFO - Notificación Telegram enviada:   🧲
✅Orden 🟢BUY👆🏼 en SAPIENUSDT 
con 0.12 USDT - 50x
2025-09-28 08:31:32,411 - INFO - Conexión a la base de datos exitosa
2025-09-28 08:32:36,112 - INFO - Notificación Telegram enviada: 
  🧲
💠 SAPIENUSDT cerró Lose 🥵
ROI -41.33% - PNL: -0.05 USDT

2025-09-28 08:32:36,906 - INFO - Balance disponible obtenido: 1.07220594 USDT
2025-09-28 08:33:41,417 - INFO - Notificación Telegram enviada: ✅ Stats actualizados | 🏆 Wins: 23  💀 Losses: 16  💰 Balance: 1.07 USDT
2025-09-28 08:33:43,359 - INFO - Balance disponible obtenido: 1.07214062 USDT
2025-09-28 08:54:48,780 - INFO - Balance disponible obtenido: 1.07216042 USDT
2025-09-28 09:15:14,538 - INFO - Balance disponible obtenido: 1.07212325 USDT
2025-09-28 09:16:19,483 - INFO - Notificación Telegram enviada:   🧲
✅Orden 🟢BUY👆🏼 en VOXELUSDT 
con 0.24 USDT - 25x
2025-09-28 09:27:17,501 - INFO - Conexión a la base de datos exitosa
2025-09-28 09:28:22,175 - INFO - Notificación Telegram enviada: 
  🧲
💠 VOXELUSDT cerró Lose 🥵
ROI -34.04% - PNL: -0.08 USDT

2025-09-28 09:28:23,102 - INFO - Balance disponible obtenido: 0.9878754 USDT
2025-09-28 09:29:26,213 - INFO - Notificación Telegram enviada: ✅ Stats actualizados | 🏆 Wins: 23  💀 Losses: 17  💰 Balance: 0.99 USDT
2025-09-28 09:29:30,566 - INFO - Balance disponible obtenido: 0.98791456 USDT
2025-09-28 09:50:30,015 - INFO - Balance disponible obtenido: 0.98800594 USDT
2025-09-28 10:11:21,619 - INFO - Balance disponible obtenido: 0.98789191 USDT
2025-09-28 10:32:15,758 - INFO - Balance disponible obtenido: 0.98792549 USDT
2025-09-28 10:39:40,458 - INFO - Balance disponible obtenido: 0.98787447 USDT
2025-09-28 10:40:45,280 - INFO - Notificación Telegram enviada:   🧲
✅Orden 🟢BUY👆🏼 en SKYUSDT 
con 0.11 USDT - 75x
2025-09-28 10:42:11,985 - INFO - Conexión a la base de datos exitosa
2025-09-28 10:43:16,213 - INFO - Notificación Telegram enviada: 
  🧲
💠 SKYUSDT cerró Lose 🥵
ROI -41.99% - PNL: -0.05 USDT

2025-09-28 10:44:19,259 - INFO - Notificación Telegram enviada: 🚨 Pausa por pérdidas consecutivas
2025-09-28 10:54:20,205 - INFO - Balance disponible obtenido: 0.94223797 USDT
2025-09-28 10:55:23,256 - INFO - Notificación Telegram enviada: ✅ Stats actualizados | 🏆 Wins: 23  💀 Losses: 18  💰 Balance: 0.94 USDT
2025-09-28 10:55:24,945 - INFO - Balance disponible obtenido: 0.94224447 USDT
2025-09-28 11:07:09,504 - INFO - Balance disponible obtenido: 0.94222433 USDT
2025-09-28 11:08:14,276 - INFO - Notificación Telegram enviada:   🧲
✅Orden 👇🏼SELL🔴 en TAKEUSDT 
con 0.10 USDT - 50x
2025-09-28 13:03:31,938 - INFO - Conexión a la base de datos exitosa
2025-09-28 13:04:35,931 - INFO - Notificación Telegram enviada: 
  🧲
💠 TAKEUSDT cerró Lose 🥵
ROI -33.83% - PNL: -0.04 USDT

2025-09-28 13:04:36,793 - INFO - Balance disponible obtenido: 0.90451421 USDT
2025-09-28 13:05:40,435 - INFO - Notificación Telegram enviada: ✅ Stats actualizados | 🏆 Wins: 23  💀 Losses: 19  💰 Balance: 0.90 USDT
2025-09-28 13:05:42,127 - INFO - Balance disponible obtenido: 0.90450115 USDT
2025-09-28 13:26:52,177 - INFO - Balance disponible obtenido: 0.90445823 USDT
2025-09-28 13:33:23,487 - INFO - Balance disponible obtenido: 0.90442747 USDT
2025-09-28 13:34:28,661 - INFO - Notificación Telegram enviada:   🧲
✅Orden 👇🏼SELL🔴 en AIOUSDT 
con 0.12 USDT - 50x
2025-09-28 14:20:57,830 - INFO - Conexión a la base de datos exitosa
2025-09-28 14:22:01,705 - INFO - Notificación Telegram enviada: 
  🧲
💠 AIOUSDT cerró Lose 🥵
ROI -36.92% - PNL: -0.04 USDT

2025-09-28 14:22:02,643 - INFO - Balance disponible obtenido: 0.85740973 USDT
2025-09-28 14:23:05,718 - INFO - Notificación Telegram enviada: ✅ Stats actualizados | 🏆 Wins: 23  💀 Losses: 20  💰 Balance: 0.86 USDT
2025-09-28 14:23:07,406 - INFO - Balance disponible obtenido: 0.85740673 USDT
2025-09-28 14:44:07,453 - INFO - Balance disponible obtenido: 0.85747578 USDT
2025-09-28 15:05:10,126 - INFO - Balance disponible obtenido: 0.85746089 USDT
2025-09-28 15:26:12,252 - INFO - Balance disponible obtenido: 0.85744873 USDT
2025-09-28 15:33:05,158 - INFO - Balance disponible obtenido: 0.8574479 USDT
2025-09-28 15:34:10,408 - INFO - Notificación Telegram enviada:   🧲
✅Orden 🟢BUY👆🏼 en AIOUSDT 
con 0.12 USDT - 50x
2025-09-28 15:48:36,190 - INFO - Notificación Telegram enviada:   🧲
🔒 PP ajustado a 31.00%  |  en 0.15996  |  PNL💲 0.04 USDT  |  ROI Actual: 40.35%
2025-09-28 15:48:47,607 - INFO - Conexión a la base de datos exitosa
2025-09-28 15:49:51,427 - INFO - Notificación Telegram enviada: 
  🧲
💠 AIOUSDT cerró Profit 🤑
ROI 26.78% - PNL: 0.03 USDT

2025-09-28 15:49:52,835 - INFO - Balance disponible obtenido: 0.88594884 USDT
2025-09-28 15:50:55,832 - INFO - Notificación Telegram enviada: ✅ Stats actualizados | 🏆 Wins: 24  💀 Losses: 20  💰 Balance: 0.89 USDT
2025-09-28 15:50:57,262 - INFO - Balance disponible obtenido: 0.88598527 USDT
2025-09-28 15:52:02,468 - INFO - Notificación Telegram enviada:   🧲
✅Orden 👇🏼SELL🔴 en SAPIENUSDT 
con 0.12 USDT - 50x
2025-09-28 16:05:37,857 - INFO - Conexión a la base de datos exitosa
2025-09-28 16:06:42,293 - INFO - Notificación Telegram enviada: 
  🧲
💠 SAPIENUSDT cerró Lose 🥵
ROI -36.34% - PNL: -0.04 USDT

2025-09-28 16:07:45,385 - INFO - Notificación Telegram enviada: 🚨 Pausa por pérdidas consecutivas
2025-09-28 16:17:49,181 - INFO - Balance disponible obtenido: 0.84074345 USDT
2025-09-28 16:18:52,188 - INFO - Notificación Telegram enviada: ✅ Stats actualizados | 🏆 Wins: 24  💀 Losses: 21  💰 Balance: 0.84 USDT
2025-09-28 16:18:53,891 - INFO - Balance disponible obtenido: 0.84068711 USDT
2025-09-28 16:40:03,115 - INFO - Balance disponible obtenido: 0.84067915 USDT
2025-09-28 17:01:03,699 - INFO - Balance disponible obtenido: 0.84064825 USDT
2025-09-28 17:08:19,277 - INFO - Balance disponible obtenido: 0.84078243 USDT
2025-09-28 17:09:24,446 - INFO - Notificación Telegram enviada:   🧲
✅Orden 👇🏼SELL🔴 en BULLAUSDT 
con 0.12 USDT - 50x
2025-09-28 17:30:47,788 - INFO - Conexión a la base de datos exitosa
2025-09-28 17:31:51,513 - INFO - Notificación Telegram enviada: 
  🧲
💠 BULLAUSDT cerró Lose 🥵
ROI -36.37% - PNL: -0.04 USDT

2025-09-28 17:31:52,420 - INFO - Balance disponible obtenido: 0.79411837 USDT
2025-09-28 17:32:55,574 - INFO - Notificación Telegram enviada: ✅ Stats actualizados | 🏆 Wins: 24  💀 Losses: 22  💰 Balance: 0.79 USDT
2025-09-28 17:32:59,147 - INFO - Balance disponible obtenido: 0.79411426 USDT
2025-09-28 17:54:07,116 - INFO - Balance disponible obtenido: 0.79411068 USDT
2025-09-28 18:15:16,228 - INFO - Balance disponible obtenido: 0.79416367 USDT
2025-09-28 18:23:12,819 - INFO - Balance disponible obtenido: 0.79409047 USDT
2025-09-28 18:24:18,204 - INFO - Notificación Telegram enviada:   🧲
✅Orden 🟢BUY👆🏼 en SAPIENUSDT 
con 0.12 USDT - 50x
2025-09-28 18:33:03,840 - INFO - Notificación Telegram enviada: ⚠️ Operación en SAPIENUSDT cerrada 💣
2025-09-28 18:33:07,272 - INFO - Conexión a la base de datos exitosa
2025-09-28 18:34:12,246 - INFO - Notificación Telegram enviada: 
  🧲
💠 SAPIENUSDT cerró Profit 🤑
ROI 6.52% - PNL: 0.01 USDT

2025-09-28 18:34:13,107 - INFO - Balance disponible obtenido: 0.79880816 USDT
2025-09-28 18:35:16,121 - INFO - Notificación Telegram enviada: ✅ Stats actualizados | 🏆 Wins: 25  💀 Losses: 22  💰 Balance: 0.80 USDT
2025-09-28 18:36:27,738 - INFO - Balance disponible obtenido: 0.7988192 USDT
2025-09-28 18:57:37,472 - INFO - Balance disponible obtenido: 0.79883613 USDT
2025-09-28 19:19:05,253 - INFO - Balance disponible obtenido: 0.79876926 USDT
2025-09-28 19:35:10,209 - INFO - Balance disponible obtenido: 0.7988133 USDT
2025-09-28 19:36:16,027 - INFO - Notificación Telegram enviada:   🧲
✅Orden 🟢BUY👆🏼 en HAEDALUSDT 
con 0.12 USDT - 50x
2025-09-29 04:25:57,713 - INFO - Conexión a la base de datos exitosa
2025-09-29 04:27:01,536 - INFO - Notificación Telegram enviada: 
  🧲
💠 HAEDALUSDT cerró Lose 🥵
ROI -7.75% - PNL: -0.01 USDT

2025-09-29 04:27:02,685 - INFO - Balance disponible obtenido: 0.78623607 USDT
2025-09-29 04:28:05,680 - INFO - Notificación Telegram enviada: ✅ Stats actualizados | 🏆 Wins: 25  💀 Losses: 23  💰 Balance: 0.79 USDT
2025-09-29 04:28:07,373 - INFO - Balance disponible obtenido: 0.78623302 USDT
2025-09-29 04:49:22,446 - INFO - Balance disponible obtenido: 0.78627221 USDT
2025-09-29 05:10:25,214 - INFO - Balance disponible obtenido: 0.78624758 USDT
2025-09-29 05:28:07,927 - INFO - Balance disponible obtenido: 0.78620335 USDT
2025-09-29 05:29:13,294 - INFO - Notificación Telegram enviada:   🧲
✅Orden 🟢BUY👆🏼 en DEEPUSDT 
con 0.12 USDT - 50x
2025-09-29 06:13:18,828 - INFO - Conexión a la base de datos exitosa
2025-09-29 06:14:23,225 - INFO - Notificación Telegram enviada: 
  🧲
💠 DEEPUSDT cerró Lose 🥵
ROI -36.85% - PNL: -0.04 USDT

2025-09-29 06:15:26,227 - INFO - Notificación Telegram enviada: 🚨 Pausa por pérdidas consecutivas
2025-09-29 06:25:27,467 - INFO - Balance disponible obtenido: 0.73960603 USDT
2025-09-29 06:26:30,475 - INFO - Notificación Telegram enviada: ✅ Stats actualizados | 🏆 Wins: 25  💀 Losses: 24  💰 Balance: 0.74 USDT
2025-09-29 06:26:32,955 - INFO - Balance disponible obtenido: 0.73962703 USDT
2025-09-29 06:47:36,197 - INFO - Balance disponible obtenido: 0.73957791 USDT
2025-09-29 06:48:41,749 - INFO - Notificación Telegram enviada:   🧲
✅Orden 🟢BUY👆🏼 en BANUSDT 
con 0.12 USDT - 50x
2025-09-29 08:06:43,980 - INFO - Notificación Telegram enviada:   🧲
🔒 PP ajustado a 31.00%  |  en 0.07353  |  PNL💲 0.04 USDT  |  ROI Actual: 43.60%
2025-09-29 08:07:04,666 - INFO - Conexión a la base de datos exitosa
2025-09-29 08:08:08,366 - INFO - Notificación Telegram enviada: 
  🧲
💠 BANUSDT cerró Profit 🤑
ROI 27.56% - PNL: 0.03 USDT

2025-09-29 08:08:09,229 - INFO - Balance disponible obtenido: 0.76976076 USDT
2025-09-29 08:09:12,524 - INFO - Notificación Telegram enviada: ✅ Stats actualizados | 🏆 Wins: 26  💀 Losses: 24  💰 Balance: 0.77 USDT
2025-09-29 08:09:16,558 - INFO - Balance disponible obtenido: 0.7697831 USDT
2025-09-29 08:14:26,950 - INFO - Balance disponible obtenido: 0.76974931 USDT
2025-09-29 08:15:32,206 - INFO - Notificación Telegram enviada:   🧲
✅Orden 🟢BUY👆🏼 en FHEUSDT 
con 0.12 USDT - 50x
2025-09-29 08:17:55,527 - INFO - Notificación Telegram enviada:   🧲
🔒 PP ajustado a 31.00%  |  en 0.05049  |  PNL💲 0.04 USDT  |  ROI Actual: 41.85%
2025-09-29 08:17:57,293 - INFO - Conexión a la base de datos exitosa
2025-09-29 08:19:01,050 - INFO - Notificación Telegram enviada: 
  🧲
💠 FHEUSDT cerró Profit 🤑
ROI 22.86% - PNL: 0.03 USDT

2025-09-29 08:19:02,003 - INFO - Balance disponible obtenido: 0.79709165 USDT
2025-09-29 08:20:06,669 - INFO - Notificación Telegram enviada: ✅ Stats actualizados | 🏆 Wins: 27  💀 Losses: 24  💰 Balance: 0.80 USDT
2025-09-29 08:30:43,097 - INFO - Balance disponible obtenido: 0.79708709 USDT
2025-09-29 08:51:53,480 - INFO - Balance disponible obtenido: 0.79704505 USDT
2025-09-29 09:12:58,040 - INFO - Balance disponible obtenido: 0.79709285 USDT
2025-09-29 09:34:07,550 - INFO - Balance disponible obtenido: 0.79705713 USDT
2025-09-29 09:40:02,771 - INFO - Balance disponible obtenido: 0.79707183 USDT
2025-09-29 09:41:07,947 - INFO - Notificación Telegram enviada:   🧲
✅Orden 👇🏼SELL🔴 en BIDUSDT 
con 0.12 USDT - 50x
2025-09-29 09:43:45,162 - INFO - Notificación Telegram enviada:   🧲
🔒 PP ajustado a 31.00%  |  en 0.0782  |  PNL💲 0.04 USDT  |  ROI Actual: 41.58%
2025-09-29 09:43:47,026 - INFO - Conexión a la base de datos exitosa
2025-09-29 09:44:51,018 - INFO - Notificación Telegram enviada: 
  🧲
💠 BIDUSDT cerró Profit 🤑
ROI 22.96% - PNL: 0.03 USDT

2025-09-29 09:44:52,190 - INFO - Balance disponible obtenido: 0.82455307 USDT
2025-09-29 09:45:55,197 - INFO - Notificación Telegram enviada: ✅ Stats actualizados | 🏆 Wins: 28  💀 Losses: 24  💰 Balance: 0.82 USDT
2025-09-29 09:55:32,012 - INFO - Balance disponible obtenido: 0.82455136 USDT
2025-09-29 10:16:30,669 - INFO - Balance disponible obtenido: 0.82455809 USDT
2025-09-29 10:22:08,577 - INFO - Balance disponible obtenido: 0.82450073 USDT
2025-09-29 10:23:14,034 - INFO - Notificación Telegram enviada:   🧲
✅Orden 👇🏼SELL🔴 en AIOUSDT 
con 0.12 USDT - 50x
2025-09-29 10:47:36,537 - INFO - Notificación Telegram enviada: ⚠️ Operación en AIOUSDT cerrada 💣
2025-09-29 10:47:37,016 - INFO - Conexión a la base de datos exitosa
2025-09-29 10:48:41,598 - INFO - Notificación Telegram enviada: 
  🧲
💠 AIOUSDT cerró Lose 🥵
ROI -5.15% - PNL: -0.01 USDT

2025-09-29 10:48:42,537 - INFO - Balance disponible obtenido: 0.81560225 USDT
2025-09-29 10:49:48,857 - INFO - Notificación Telegram enviada: ✅ Stats actualizados | 🏆 Wins: 28  💀 Losses: 25  💰 Balance: 0.82 USDT
2025-09-29 10:49:51,315 - INFO - Balance disponible obtenido: 0.8155568 USDT
2025-09-29 11:11:47,954 - INFO - Balance disponible obtenido: 0.81569041 USDT
2025-09-29 11:32:53,059 - INFO - Balance disponible obtenido: 0.8156865 USDT
2025-09-29 11:53:53,768 - INFO - Balance disponible obtenido: 0.8157409 USDT
2025-09-29 12:04:12,844 - INFO - Balance disponible obtenido: 0.81572232 USDT
2025-09-29 12:05:18,999 - INFO - Notificación Telegram enviada:   🧲
✅Orden 🟢BUY👆🏼 en AIUSDT 
con 0.12 USDT - 50x
2025-09-29 12:12:30,824 - INFO - Conexión a la base de datos exitosa
2025-09-29 12:13:34,547 - INFO - Notificación Telegram enviada: 
  🧲
💠 AIUSDT cerró Lose 🥵
ROI -37.05% - PNL: -0.04 USDT

2025-09-29 12:13:35,353 - INFO - Balance disponible obtenido: 0.76860968 USDT
2025-09-29 12:14:38,348 - INFO - Notificación Telegram enviada: ✅ Stats actualizados | 🏆 Wins: 28  💀 Losses: 26  💰 Balance: 0.77 USDT
2025-09-29 12:14:47,967 - INFO - Balance disponible obtenido: 0.76859042 USDT
2025-09-29 12:35:52,781 - INFO - Balance disponible obtenido: 0.76858226 USDT
2025-09-29 12:57:26,323 - INFO - Balance disponible obtenido: 0.76855329 USDT
2025-09-29 13:18:21,604 - INFO - Balance disponible obtenido: 0.7685847 USDT
2025-09-29 13:35:08,942 - INFO - Balance disponible obtenido: 0.76860265 USDT
2025-09-29 13:36:14,729 - INFO - Notificación Telegram enviada:   🧲
✅Orden 🟢BUY👆🏼 en JOEUSDT 
con 0.12 USDT - 50x
2025-09-29 13:40:25,722 - INFO - Conexión a la base de datos exitosa
2025-09-29 13:41:30,386 - INFO - Notificación Telegram enviada: 
  🧲
💠 JOEUSDT cerró Lose 🥵
ROI -35.86% - PNL: -0.04 USDT

2025-09-29 13:42:33,423 - INFO - Notificación Telegram enviada: 🚨 Pausa por pérdidas consecutivas
2025-09-29 13:52:34,421 - INFO - Balance disponible obtenido: 0.72348157 USDT
2025-09-29 13:53:37,505 - INFO - Notificación Telegram enviada: ✅ Stats actualizados | 🏆 Wins: 28  💀 Losses: 27  💰 Balance: 0.72 USDT
2025-09-29 13:53:42,370 - INFO - Balance disponible obtenido: 0.72345262 USDT
2025-09-29 14:14:40,707 - INFO - Balance disponible obtenido: 0.72349027 USDT
2025-09-29 14:21:28,535 - INFO - Balance disponible obtenido: 0.72346868 USDT
2025-09-29 14:22:34,461 - INFO - Notificación Telegram enviada:   🧲
✅Orden 👇🏼SELL🔴 en STOUSDT 
con 0.12 USDT - 50x
2025-09-29 14:40:08,299 - INFO - Conexión a la base de datos exitosa
2025-09-29 14:41:11,994 - INFO - Notificación Telegram enviada: 
  🧲
💠 STOUSDT cerró Lose 🥵
ROI -36.67% - PNL: -0.04 USDT

2025-09-29 14:41:12,818 - INFO - Balance disponible obtenido: 0.67703484 USDT
2025-09-29 14:42:15,806 - INFO - Notificación Telegram enviada: ✅ Stats actualizados | 🏆 Wins: 28  💀 Losses: 28  💰 Balance: 0.68 USDT
2025-09-29 14:42:19,029 - INFO - Balance disponible obtenido: 0.67705385 USDT
2025-09-29 15:03:10,720 - INFO - Balance disponible obtenido: 0.67705531 USDT
2025-09-29 15:08:53,325 - INFO - Balance disponible obtenido: 0.67703413 USDT
2025-09-29 15:09:58,478 - INFO - Notificación Telegram enviada:   🧲
✅Orden 👇🏼SELL🔴 en JOEUSDT 
con 0.12 USDT - 50x
2025-09-29 15:43:53,816 - INFO - Notificación Telegram enviada: ⚠️ Operación en JOEUSDT cerrada 💣
2025-09-29 15:43:57,488 - INFO - Conexión a la base de datos exitosa
2025-09-29 15:45:01,472 - INFO - Notificación Telegram enviada: 
  🧲
💠 JOEUSDT cerró Profit 🤑
ROI 1.86% - PNL: 0.00 USDT

2025-09-29 15:45:05,618 - INFO - Balance disponible obtenido: 0.67628834 USDT
2025-09-29 15:46:08,678 - INFO - Notificación Telegram enviada: ✅ Stats actualizados | 🏆 Wins: 29  💀 Losses: 28  💰 Balance: 0.68 USDT
2025-09-29 15:46:13,125 - INFO - Balance disponible obtenido: 0.6762572 USDT
2025-09-29 16:01:38,899 - INFO - Balance disponible obtenido: 0.67634628 USDT
2025-09-29 16:02:50,976 - INFO - Notificación Telegram enviada:   🧲
✅Orden 🟢BUY👆🏼 en GLMUSDT 
con 0.12 USDT - 50x
2025-09-29 16:09:11,117 - INFO - Notificación Telegram enviada: ⚠️ Operación en GLMUSDT cerrada 💣
2025-09-29 16:09:11,646 - INFO - Conexión a la base de datos exitosa
2025-09-29 16:10:15,474 - INFO - Notificación Telegram enviada: 
  🧲
💠 GLMUSDT cerró Lose 🥵
ROI -11.97% - PNL: -0.01 USDT

2025-09-29 16:10:16,300 - INFO - Balance disponible obtenido: 0.65899393 USDT
2025-09-29 16:11:19,320 - INFO - Notificación Telegram enviada: ✅ Stats actualizados | 🏆 Wins: 29  💀 Losses: 29  💰 Balance: 0.66 USDT
2025-09-29 16:11:23,549 - INFO - Balance disponible obtenido: 0.65903194 USDT
2025-09-29 16:19:01,611 - INFO - Balance disponible obtenido: 0.65899409 USDT
2025-09-29 16:20:06,999 - INFO - Notificación Telegram enviada:   🧲
✅Orden 👇🏼SELL🔴 en NTRNUSDT 
con 0.12 USDT - 50x
2025-09-29 16:21:52,246 - INFO - Notificación Telegram enviada: ⚠️ Operación en NTRNUSDT cerrada 💣
2025-09-29 16:21:52,884 - INFO - Conexión a la base de datos exitosa
2025-09-29 16:22:56,823 - INFO - Notificación Telegram enviada: 
  🧲
💠 NTRNUSDT cerró Lose 🥵
ROI -7.08% - PNL: -0.01 USDT

2025-09-29 16:24:00,046 - INFO - Notificación Telegram enviada: 🚨 Pausa por pérdidas consecutivas
2025-09-29 16:34:01,596 - INFO - Balance disponible obtenido: 0.65056579 USDT
2025-09-29 16:35:04,625 - INFO - Notificación Telegram enviada: ✅ Stats actualizados | 🏆 Wins: 29  💀 Losses: 30  💰 Balance: 0.65 USDT
2025-09-29 16:35:08,242 - INFO - Balance disponible obtenido: 0.65056343 USDT
2025-09-29 16:56:36,749 - INFO - Balance disponible obtenido: 0.65054473 USDT
2025-09-29 17:17:40,006 - INFO - Balance disponible obtenido: 0.65050452 USDT
2025-09-29 17:38:43,021 - INFO - Balance disponible obtenido: 0.65052097 USDT
2025-09-29 17:45:08,146 - INFO - Balance disponible obtenido: 0.65063097 USDT
2025-09-29 17:46:13,447 - INFO - Notificación Telegram enviada:   🧲
✅Orden 🟢BUY👆🏼 en AIOUSDT 
con 0.12 USDT - 50x
2025-09-29 17:49:25,139 - INFO - Notificación Telegram enviada: ⚠️ Operación en AIOUSDT cerrada 💣
2025-09-29 17:49:25,751 - INFO - Conexión a la base de datos exitosa
2025-09-29 17:50:32,231 - INFO - Notificación Telegram enviada: 
  🧲
💠 AIOUSDT cerró Lose 🥵
ROI -5.33% - PNL: -0.01 USDT

2025-09-29 17:50:33,238 - INFO - Balance disponible obtenido: 0.64431413 USDT
2025-09-29 17:51:36,217 - INFO - Notificación Telegram enviada: ✅ Stats actualizados | 🏆 Wins: 29  💀 Losses: 31  💰 Balance: 0.64 USDT
2025-09-29 17:59:36,880 - INFO - Balance disponible obtenido: 0.64422756 USDT
2025-09-29 18:20:49,592 - INFO - Balance disponible obtenido: 0.64424436 USDT
2025-09-29 18:41:48,046 - INFO - Balance disponible obtenido: 0.64423341 USDT
2025-09-29 19:03:02,464 - INFO - Balance disponible obtenido: 0.6442183 USDT
2025-09-29 19:24:18,789 - INFO - Balance disponible obtenido: 0.64421028 USDT
2025-09-29 19:45:18,710 - INFO - Balance disponible obtenido: 0.64423842 USDT
2025-09-29 20:05:05,843 - INFO - Balance disponible obtenido: 0.64427141 USDT
2025-09-29 20:06:11,279 - INFO - Notificación Telegram enviada:   🧲
✅Orden 🟢BUY👆🏼 en TAKEUSDT 
con 0.12 USDT - 50x
2025-09-29 20:08:48,456 - INFO - Conexión a la base de datos exitosa
2025-09-29 20:09:52,202 - INFO - Notificación Telegram enviada: 
  🧲
💠 TAKEUSDT cerró Lose 🥵
ROI -45.69% - PNL: -0.05 USDT

2025-09-29 20:09:53,025 - INFO - Balance disponible obtenido: 0.5906719 USDT
2025-09-29 20:10:56,290 - INFO - Notificación Telegram enviada: ✅ Stats actualizados | 🏆 Wins: 29  💀 Losses: 32  💰 Balance: 0.59 USDT
2025-09-29 20:10:58,101 - INFO - Balance disponible obtenido: 0.59068801 USDT
2025-09-29 20:30:16,590 - INFO - Balance disponible obtenido: 0.59067497 USDT
2025-09-29 20:31:24,403 - INFO - Notificación Telegram enviada:   🧲
✅Orden 👇🏼SELL🔴 en SAPIENUSDT 
con 0.12 USDT - 50x
2025-09-29 20:33:01,845 - INFO - Conexión a la base de datos exitosa
2025-09-29 20:34:05,882 - INFO - Notificación Telegram enviada: 
  🧲
💠 SAPIENUSDT cerró Lose 🥵
ROI -39.01% - PNL: -0.05 USDT

2025-09-29 20:35:08,891 - INFO - Notificación Telegram enviada: 🚨 Pausa por pérdidas consecutivas
2025-09-29 20:45:10,432 - INFO - Balance disponible obtenido: 0.54522141 USDT
2025-09-29 20:46:14,289 - INFO - Notificación Telegram enviada: ✅ Stats actualizados | 🏆 Wins: 29  💀 Losses: 33  💰 Balance: 0.55 USDT
2025-09-29 20:46:16,858 - INFO - Balance disponible obtenido: 0.54521814 USDT
2025-09-29 21:07:31,106 - INFO - Balance disponible obtenido: 0.54520026 USDT
2025-09-29 21:28:22,479 - INFO - Balance disponible obtenido: 0.54522554 USDT
2025-09-29 21:37:01,435 - INFO - Balance disponible obtenido: 0.54521854 USDT
2025-09-29 21:38:06,697 - INFO - Notificación Telegram enviada:   🧲
✅Orden 👇🏼SELL🔴 en HIVEUSDT 
con 0.12 USDT - 50x
2025-09-29 22:46:19,253 - INFO - Notificación Telegram enviada:   🧲
🔒 PP ajustado a 31.00%  |  en 0.1787  |  PNL💲 0.04 USDT  |  ROI Actual: 41.71%
2025-09-29 22:56:01,485 - INFO - Conexión a la base de datos exitosa
2025-09-29 22:57:05,275 - INFO - Notificación Telegram enviada: 
  🧲
💠 HIVEUSDT cerró Profit 🤑
ROI 26.71% - PNL: 0.03 USDT

2025-09-29 22:57:06,069 - INFO - Balance disponible obtenido: 0.57400207 USDT
2025-09-29 22:58:09,083 - INFO - Notificación Telegram enviada: ✅ Stats actualizados | 🏆 Wins: 30  💀 Losses: 33  💰 Balance: 0.57 USDT
2025-09-29 22:58:13,055 - INFO - Balance disponible obtenido: 0.57400429 USDT
2025-09-29 23:19:11,219 - INFO - Balance disponible obtenido: 0.57402251 USDT
2025-09-29 23:33:25,437 - INFO - Balance disponible obtenido: 0.57398927 USDT
2025-09-29 23:34:30,773 - INFO - Notificación Telegram enviada:   🧲
✅Orden 👇🏼SELL🔴 en TAKEUSDT 
con 0.12 USDT - 50x
2025-09-30 01:48:33,198 - INFO - Conexión a la base de datos exitosa
2025-09-30 01:49:36,957 - INFO - Notificación Telegram enviada: 
  🧲
💠 TAKEUSDT cerró Lose 🥵
ROI -35.47% - PNL: -0.04 USDT

2025-09-30 01:49:37,745 - INFO - Balance disponible obtenido: 0.52920076 USDT
2025-09-30 01:50:40,784 - INFO - Notificación Telegram enviada: ✅ Stats actualizados | 🏆 Wins: 30  💀 Losses: 34  💰 Balance: 0.53 USDT
2025-09-30 01:50:42,446 - INFO - Balance disponible obtenido: 0.52918996 USDT
2025-09-30 01:52:51,920 - INFO - Balance disponible obtenido: 0.52921037 USDT
2025-09-30 01:53:56,928 - INFO - Notificación Telegram enviada:   🧲
✅Orden 🟢BUY👆🏼 en MOCAUSDT 
con 0.08 USDT - 75x
2025-09-30 01:55:48,448 - INFO - Conexión a la base de datos exitosa
2025-09-30 01:56:52,113 - INFO - Notificación Telegram enviada: 
  🧲
💠 MOCAUSDT cerró Lose 🥵
ROI -43.03% - PNL: -0.03 USDT

2025-09-30 01:56:52,869 - INFO - Balance disponible obtenido: 0.49493885 USDT
2025-09-30 01:57:55,816 - INFO - Notificación Telegram enviada: ✅ Stats actualizados | 🏆 Wins: 30  💀 Losses: 35  💰 Balance: 0.49 USDT
2025-09-30 02:11:23,856 - INFO - Balance disponible obtenido: 0.494902 USDT
2025-09-30 02:21:14,786 - INFO - Balance disponible obtenido: 0.49487837 USDT
2025-09-30 02:22:19,840 - INFO - Notificación Telegram enviada:   🧲
✅Orden 🟢BUY👆🏼 en SAPIENUSDT 
con 0.12 USDT - 50x
2025-09-30 02:41:49,510 - INFO - Notificación Telegram enviada:   🧲
🔒 PP ajustado a 31.00%  |  en 0.17752  |  PNL💲 0.04 USDT  |  ROI Actual: 40.05%
2025-09-30 02:45:44,692 - INFO - Conexión a la base de datos exitosa
2025-09-30 02:46:48,362 - INFO - Notificación Telegram enviada: 
  🧲
💠 SAPIENUSDT cerró Profit 🤑
ROI 26.39% - PNL: 0.03 USDT

2025-09-30 02:46:49,160 - INFO - Balance disponible obtenido: 0.52358339 USDT
2025-09-30 02:47:52,196 - INFO - Notificación Telegram enviada: ✅ Stats actualizados | 🏆 Wins: 31  💀 Losses: 35  💰 Balance: 0.52 USDT
2025-09-30 02:47:53,839 - INFO - Balance disponible obtenido: 0.52360566 USDT
2025-09-30 03:08:37,160 - INFO - Balance disponible obtenido: 0.52357164 USDT
2025-09-30 03:09:35,298 - ERROR - Max reconnections 5 reached:
2025-09-30 03:09:37,517 - ERROR - Max reconnections 5 reached:
2025-09-30 03:09:42,558 - ERROR - Max reconnections 5 reached:
2025-09-30 03:09:43,095 - ERROR - Max reconnections 5 reached:
2025-09-30 03:09:56,437 - ERROR - Max reconnections 5 reached:
2025-09-30 03:09:58,002 - ERROR - Max reconnections 5 reached:
2025-09-30 03:09:58,159 - ERROR - Max reconnections 5 reached:
2025-09-30 03:10:00,765 - ERROR - Max reconnections 5 reached:
2025-09-30 03:10:02,231 - ERROR - Max reconnections 5 reached:
2025-09-30 03:10:04,890 - ERROR - Max reconnections 5 reached:
2025-09-30 03:10:06,860 - ERROR - Max reconnections 5 reached:
2025-09-30 03:10:07,584 - ERROR - Max reconnections 5 reached:
2025-09-30 03:10:08,325 - ERROR - Max reconnections 5 reached:
2025-09-30 03:10:08,357 - ERROR - Max reconnections 5 reached:
2025-09-30 03:10:09,113 - ERROR - Max reconnections 5 reached:
2025-09-30 03:10:12,506 - ERROR - Max reconnections 5 reached:
2025-09-30 03:10:20,035 - ERROR - Max reconnections 5 reached:
2025-09-30 03:10:21,919 - ERROR - Max reconnections 5 reached:
2025-09-30 03:10:24,505 - ERROR - Max reconnections 5 reached:
2025-09-30 03:10:26,781 - ERROR - Max reconnections 5 reached:
2025-09-30 03:10:28,788 - ERROR - Max reconnections 5 reached:
2025-09-30 03:10:28,905 - ERROR - Max reconnections 5 reached:
2025-09-30 03:10:30,187 - ERROR - Max reconnections 5 reached:
2025-09-30 03:10:34,430 - ERROR - Max reconnections 5 reached:
2025-09-30 03:10:42,321 - ERROR - Max reconnections 5 reached:
2025-09-30 03:10:44,186 - ERROR - Max reconnections 5 reached:
2025-09-30 03:10:45,442 - ERROR - Max reconnections 5 reached:
2025-09-30 03:10:54,366 - ERROR - Max reconnections 5 reached:
2025-09-30 03:11:09,392 - ERROR - Max reconnections 5 reached:
2025-09-30 03:11:12,980 - ERROR - Max reconnections 5 reached:
2025-09-30 03:11:14,981 - ERROR - Max reconnections 5 reached:
2025-09-30 03:11:20,495 - ERROR - Max reconnections 5 reached:
2025-09-30 03:11:34,091 - ERROR - Max reconnections 5 reached:
2025-09-30 03:11:37,746 - ERROR - Max reconnections 5 reached:
2025-09-30 03:11:38,313 - ERROR - Max reconnections 5 reached:
2025-09-30 03:11:40,213 - ERROR - Max reconnections 5 reached:
2025-09-30 03:12:09,563 - ERROR - Max reconnections 5 reached:
2025-09-30 03:12:30,290 - ERROR - Max reconnections 5 reached:
2025-09-30 03:12:40,300 - ERROR - Max reconnections 5 reached:
2025-09-30 03:12:40,725 - ERROR - Max reconnections 5 reached:
2025-09-30 03:13:02,141 - ERROR - Max reconnections 5 reached:
2025-09-30 03:13:21,032 - ERROR - Max reconnections 5 reached:
2025-09-30 03:13:25,503 - ERROR - Max reconnections 5 reached:
2025-09-30 03:13:34,728 - ERROR - Max reconnections 5 reached:
2025-09-30 03:13:40,601 - ERROR - Max reconnections 5 reached:
2025-09-30 03:13:44,543 - ERROR - Max reconnections 5 reached:
2025-09-30 03:13:50,113 - ERROR - Max reconnections 5 reached:
2025-09-30 03:14:51,988 - ERROR - Max reconnections 5 reached:
2025-09-30 03:15:21,289 - ERROR - Max reconnections 5 reached:
2025-09-30 03:15:36,283 - ERROR - Max reconnections 5 reached:
2025-09-30 03:17:05,457 - ERROR - Max reconnections 5 reached:
2025-09-30 03:17:32,857 - ERROR - Max reconnections 5 reached:
2025-09-30 03:30:30,049 - INFO - Balance disponible obtenido: 0.52358577 USDT
2025-09-30 03:49:38,105 - INFO - Balance disponible obtenido: 0.52358064 USDT
2025-09-30 04:10:19,745 - INFO - Balance disponible obtenido: 0.52359981 USDT
2025-09-30 04:31:09,625 - INFO - Balance disponible obtenido: 0.5235957 USDT
2025-09-30 04:51:55,412 - INFO - Balance disponible obtenido: 0.523585 USDT
2025-09-30 05:12:45,971 - INFO - Balance disponible obtenido: 0.52356921 USDT
2025-09-30 05:33:28,948 - INFO - Balance disponible obtenido: 0.52356078 USDT
2025-09-30 05:54:15,155 - INFO - Balance disponible obtenido: 0.52358525 USDT
2025-09-30 06:15:00,039 - INFO - Balance disponible obtenido: 0.52357519 USDT
2025-09-30 06:35:46,552 - INFO - Balance disponible obtenido: 0.52356364 USDT
2025-09-30 06:56:32,514 - INFO - Balance disponible obtenido: 0.52354324 USDT
2025-09-30 07:17:20,346 - INFO - Balance disponible obtenido: 0.52354545 USDT
2025-09-30 07:38:04,942 - INFO - Balance disponible obtenido: 0.52352211 USDT
2025-09-30 07:58:45,409 - INFO - Balance disponible obtenido: 0.52352604 USDT
2025-09-30 08:19:33,234 - INFO - Balance disponible obtenido: 0.52350919 USDT
2025-09-30 08:40:20,187 - INFO - Balance disponible obtenido: 0.52358046 USDT
2025-09-30 09:01:00,065 - INFO - Balance disponible obtenido: 0.52350821 USDT
2025-09-30 09:22:03,492 - INFO - Balance disponible obtenido: 0.523514 USDT
2025-09-30 09:42:50,677 - INFO - Balance disponible obtenido: 0.52354126 USDT
2025-09-30 10:03:43,387 - INFO - Balance disponible obtenido: 0.52351723 USDT
2025-09-30 10:24:31,337 - INFO - Balance disponible obtenido: 0.52350978 USDT
2025-09-30 10:46:16,581 - INFO - Balance disponible obtenido: 0.5235111 USDT
2025-09-30 11:07:17,492 - INFO - Balance disponible obtenido: 0.52353011 USDT
2025-09-30 11:28:14,679 - INFO - Balance disponible obtenido: 0.52349698 USDT
2025-09-30 11:49:10,757 - INFO - Balance disponible obtenido: 0.523463 USDT
2025-09-30 12:10:07,243 - INFO - Balance disponible obtenido: 0.52346363 USDT
2025-09-30 12:16:11,219 - INFO - Balance disponible obtenido: 0.52342858 USDT
2025-09-30 12:17:18,279 - INFO - Notificación Telegram enviada:   🧲
✅Orden 👇🏼SELL🔴 en CUDISUSDT 
con 0.12 USDT - 50x
2025-09-30 12:24:42,271 - INFO - Notificación Telegram enviada:   🧲
🔒 PP ajustado a 31.00%  |  en 0.05177  |  PNL💲 0.04 USDT  |  ROI Actual: 41.02%
2025-09-30 12:24:44,288 - INFO - Conexión a la base de datos exitosa
2025-09-30 12:25:48,543 - INFO - Notificación Telegram enviada: 
  🧲
💠 CUDISUSDT cerró Profit 🤑
ROI 28.20% - PNL: 0.03 USDT

2025-09-30 12:25:49,433 - INFO - Balance disponible obtenido: 0.55425618 USDT
2025-09-30 12:26:52,444 - INFO - Notificación Telegram enviada: ✅ Stats actualizados | 🏆 Wins: 32  💀 Losses: 35  💰 Balance: 0.55 USDT
2025-09-30 12:31:19,744 - INFO - Balance disponible obtenido: 0.55426374 USDT
2025-09-30 12:52:13,202 - INFO - Balance disponible obtenido: 0.55424725 USDT
2025-09-30 13:13:03,865 - INFO - Balance disponible obtenido: 0.55422355 USDT
2025-09-30 21:16:16,855 - INFO - Balance disponible obtenido: 0.55424103 USDT
2025-09-30 21:19:33,331 - INFO - Balance disponible obtenido: 0.5542337 USDT
2025-09-30 21:20:39,401 - INFO - Notificación Telegram enviada:   🧲
✅Orden 🟢BUY👆🏼 en AINUSDT 
con 0.12 USDT - 50x
2025-09-30 21:23:57,469 - INFO - Notificación Telegram enviada:   🧲
🔒 PP ajustado a 31.00%  |  en 0.14955  |  PNL💲 0.04 USDT  |  ROI Actual: 42.05%
2025-09-30 21:25:37,393 - INFO - Notificación Telegram enviada: ⚠️ Operación en AINUSDT cerrada 💣
2025-09-30 21:25:37,872 - INFO - Conexión a la base de datos exitosa
2025-09-30 21:26:47,094 - INFO - Notificación Telegram enviada: 
  🧲
💠 AINUSDT cerró Profit 🤑
ROI 40.69% - PNL: 0.05 USDT

2025-09-30 21:26:47,881 - INFO - Balance disponible obtenido: 0.60248231 USDT
2025-09-30 21:27:50,876 - INFO - Notificación Telegram enviada: ✅ Stats actualizados | 🏆 Wins: 1  💀 Losses: 0  💰 Balance: 0.60 USDT
2025-09-30 21:27:53,190 - INFO - Balance disponible obtenido: 0.60248931 USDT
2025-09-30 21:38:40,991 - INFO - Balance disponible obtenido: 0.60244762 USDT
2025-09-30 21:39:33,283 - INFO - Balance disponible obtenido: 0.60243544 USDT
2025-09-30 21:40:39,309 - INFO - Notificación Telegram enviada:   🧲
✅Orden 👇🏼SELL🔴 en ESPORTSUSDT 
con 0.12 USDT - 50x
2025-09-30 21:49:43,941 - INFO - Notificación Telegram enviada: ⚠️ Operación en ESPORTSUSDT cerrada 💣
2025-09-30 21:49:44,309 - INFO - Conexión a la base de datos exitosa
2025-09-30 21:50:50,708 - INFO - Notificación Telegram enviada: 
  🧲
💠 ESPORTSUSDT cerró Lose 🥵
ROI -21.09% - PNL: -0.02 USDT

2025-09-30 21:50:51,543 - INFO - Balance disponible obtenido: 0.57472499 USDT
2025-09-30 21:51:54,550 - INFO - Notificación Telegram enviada: ✅ Stats actualizados | 🏆 Wins: 1  💀 Losses: 1  💰 Balance: 0.57 USDT
2025-09-30 21:51:56,208 - INFO - Balance disponible obtenido: 0.57472863 USDT
2025-09-30 22:02:46,194 - INFO - Balance disponible obtenido: 0.5747376 USDT
2025-09-30 22:04:06,036 - INFO - Balance disponible obtenido: 0.57471274 USDT
2025-09-30 22:05:13,980 - INFO - Notificación Telegram enviada:   🧲
✅Orden 👇🏼SELL🔴 en JOEUSDT 
con 0.12 USDT - 50x
2025-09-30 22:22:58,976 - INFO - Notificación Telegram enviada: ⚠️ Operación en JOEUSDT cerrada 💣
2025-09-30 22:22:59,450 - INFO - Conexión a la base de datos exitosa
2025-09-30 22:24:03,364 - INFO - Notificación Telegram enviada: 
  🧲
💠 JOEUSDT cerró Lose 🥵
ROI -9.66% - PNL: -0.01 USDT

2025-09-30 22:24:05,233 - INFO - Balance disponible obtenido: 0.56016279 USDT
2025-09-30 22:25:08,244 - INFO - Notificación Telegram enviada: ✅ Stats actualizados | 🏆 Wins: 1  💀 Losses: 2  💰 Balance: 0.56 USDT
2025-09-30 22:25:12,947 - INFO - Balance disponible obtenido: 0.56018057 USDT
2025-09-30 22:26:19,311 - INFO - Balance disponible obtenido: 0.56014614 USDT
2025-09-30 22:27:24,514 - INFO - Notificación Telegram enviada:   🧲
✅Orden 🟢BUY👆🏼 en TAKEUSDT 
con 0.12 USDT - 50x
2025-09-30 22:32:12,127 - INFO - Notificación Telegram enviada: ⚠️ Operación en TAKEUSDT cerrada 💣
2025-09-30 22:32:12,463 - INFO - Conexión a la base de datos exitosa
2025-09-30 22:33:19,114 - INFO - Notificación Telegram enviada: 
  🧲
💠 TAKEUSDT cerró Lose 🥵
ROI -13.21% - PNL: -0.02 USDT

2025-09-30 22:34:22,119 - INFO - Notificación Telegram enviada: 🚨 Pausa por pérdidas consecutivas
2025-09-30 22:44:23,001 - INFO - Balance disponible obtenido: 0.54464028 USDT
2025-09-30 22:45:26,671 - INFO - Notificación Telegram enviada: ✅ Stats actualizados | 🏆 Wins: 1  💀 Losses: 3  💰 Balance: 0.54 USDT
2025-09-30 22:45:28,337 - INFO - Balance disponible obtenido: 0.54464948 USDT
2025-09-30 22:46:18,504 - INFO - Balance disponible obtenido: 0.54463706 USDT
2025-09-30 22:47:23,691 - INFO - Notificación Telegram enviada:   🧲
✅Orden 👇🏼SELL🔴 en AIOUSDT 
con 0.12 USDT - 50x
2025-09-30 22:51:07,361 - INFO - Notificación Telegram enviada: ⚠️ Operación en AIOUSDT cerrada 💣
2025-09-30 22:51:08,130 - INFO - Conexión a la base de datos exitosa
2025-09-30 22:52:11,901 - INFO - Notificación Telegram enviada: 
  🧲
💠 AIOUSDT cerró Lose 🥵
ROI -22.19% - PNL: -0.03 USDT

2025-09-30 22:52:12,664 - INFO - Balance disponible obtenido: 0.51846327 USDT
2025-09-30 22:53:15,640 - INFO - Notificación Telegram enviada: ✅ Stats actualizados | 🏆 Wins: 1  💀 Losses: 4  💰 Balance: 0.52 USDT
2025-09-30 22:56:21,524 - INFO - Balance disponible obtenido: 0.51845236 USDT
2025-09-30 23:07:19,565 - INFO - Balance disponible obtenido: 0.51845577 USDT
2025-09-30 23:18:21,419 - INFO - Balance disponible obtenido: 0.51846766 USDT
2025-09-30 23:21:06,683 - INFO - Balance disponible obtenido: 0.51846455 USDT
2025-09-30 23:22:11,930 - INFO - Notificación Telegram enviada:   🧲
✅Orden 🟢BUY👆🏼 en VELVETUSDT 
con 0.12 USDT - 50x
2025-09-30 23:24:36,524 - INFO - Notificación Telegram enviada: ⚠️ Operación en VELVETUSDT cerrada 💣
2025-09-30 23:24:36,871 - INFO - Conexión a la base de datos exitosa
2025-09-30 23:25:43,283 - INFO - Notificación Telegram enviada: 
  🧲
💠 VELVETUSDT cerró Lose 🥵
ROI -7.07% - PNL: -0.01 USDT

2025-09-30 23:25:44,054 - INFO - Balance disponible obtenido: 0.51008823 USDT
2025-09-30 23:26:47,151 - INFO - Notificación Telegram enviada: ✅ Stats actualizados | 🏆 Wins: 1  💀 Losses: 5  💰 Balance: 0.51 USDT
2025-09-30 23:29:08,905 - INFO - Balance disponible obtenido: 0.51009484 USDT
2025-10-01 00:24:17,052 - INFO - Balance disponible obtenido: 0.51010449 USDT
2025-10-01 00:35:04,838 - INFO - Balance disponible obtenido: 0.51010909 USDT
2025-10-01 00:35:54,894 - INFO - Balance disponible obtenido: 0.51011009 USDT
2025-10-01 00:36:59,956 - INFO - Notificación Telegram enviada:   🧲
✅Orden 👇🏼SELL🔴 en TAKEUSDT 
con 0.12 USDT - 50x
2025-10-01 00:43:58,521 - INFO - Notificación Telegram enviada: ⚠️ Operación en TAKEUSDT cerrada 💣
2025-10-01 00:43:58,992 - INFO - Conexión a la base de datos exitosa
2025-10-01 00:45:05,734 - INFO - Notificación Telegram enviada: 
  🧲
💠 TAKEUSDT cerró Profit 🤑
ROI 12.09% - PNL: 0.01 USDT

2025-10-01 00:45:06,522 - INFO - Balance disponible obtenido: 0.52162979 USDT
2025-10-01 00:46:09,526 - INFO - Notificación Telegram enviada: ✅ Stats actualizados | 🏆 Wins: 2  💀 Losses: 5  💰 Balance: 0.52 USDT
2025-10-01 00:46:11,183 - INFO - Balance disponible obtenido: 0.52162471 USDT
2025-10-01 00:56:58,689 - INFO - Balance disponible obtenido: 0.52163231 USDT
2025-10-01 01:00:03,362 - INFO - Balance disponible obtenido: 0.52158552 USDT
2025-10-01 01:01:09,941 - INFO - Notificación Telegram enviada:   🧲
✅Orden 🟢BUY👆🏼 en AINUSDT 
con 0.12 USDT - 50x
2025-10-01 01:09:43,087 - INFO - Notificación Telegram enviada: ⚠️ Operación en AINUSDT cerrada 💣
2025-10-01 01:09:43,458 - INFO - Conexión a la base de datos exitosa
2025-10-01 01:10:47,079 - INFO - Notificación Telegram enviada: 
  🧲
💠 AINUSDT cerró Lose 🥵
ROI -3.50% - PNL: -0.00 USDT

2025-10-01 01:11:50,143 - INFO - Notificación Telegram enviada: 🚨 Pausa por pérdidas consecutivas
2025-10-01 01:21:51,022 - INFO - Balance disponible obtenido: 0.51454432 USDT
2025-10-01 01:22:54,008 - INFO - Notificación Telegram enviada: ✅ Stats actualizados | 🏆 Wins: 2  💀 Losses: 6  💰 Balance: 0.51 USDT
2025-10-01 01:22:57,657 - INFO - Balance disponible obtenido: 0.5145488 USDT
2025-10-01 01:33:52,495 - INFO - Balance disponible obtenido: 0.51453438 USDT
2025-10-01 01:40:26,904 - INFO - Balance disponible obtenido: 0.51453251 USDT
2025-10-01 01:41:32,928 - INFO - Notificación Telegram enviada:   🧲
✅Orden 👇🏼SELL🔴 en AIUSDT 
con 0.12 USDT - 50x
2025-10-01 01:51:08,126 - INFO - Notificación Telegram enviada: ⚠️ Operación en AIUSDT cerrada 💣
2025-10-01 01:51:08,465 - INFO - Conexión a la base de datos exitosa
2025-10-01 01:52:20,259 - INFO - Notificación Telegram enviada: 
  🧲
💠 AIUSDT cerró Lose 🥵
ROI -26.17% - PNL: -0.03 USDT

2025-10-01 01:52:21,257 - INFO - Balance disponible obtenido: 0.48054913 USDT
2025-10-01 01:53:24,773 - INFO - Notificación Telegram enviada: ✅ Stats actualizados | 🏆 Wins: 2  💀 Losses: 7  💰 Balance: 0.48 USDT
2025-10-01 01:53:27,073 - INFO - Balance disponible obtenido: 0.48053046 USDT
2025-10-01 01:55:08,202 - INFO - Balance disponible obtenido: 0.48053762 USDT
2025-10-01 01:56:15,394 - INFO - Notificación Telegram enviada:   🧲
✅Orden 🟢BUY👆🏼 en BDXNUSDT 
con 0.15 USDT - 40x
2025-10-01 01:58:27,133 - INFO - Notificación Telegram enviada: ⚠️ Operación en BDXNUSDT cerrada 💣
2025-10-01 01:58:27,475 - INFO - Conexión a la base de datos exitosa
2025-10-01 01:59:33,845 - INFO - Notificación Telegram enviada: 
  🧲
💠 BDXNUSDT cerró Lose 🥵
ROI -11.52% - PNL: -0.02 USDT

2025-10-01 01:59:35,511 - INFO - Balance disponible obtenido: 0.46329189 USDT
2025-10-01 02:00:38,524 - INFO - Notificación Telegram enviada: ✅ Stats actualizados | 🏆 Wins: 2  💀 Losses: 8  💰 Balance: 0.46 USDT
2025-10-01 02:04:20,530 - INFO - Balance disponible obtenido: 0.46329199 USDT
2025-10-01 02:14:37,372 - INFO - Balance disponible obtenido: 0.46329388 USDT
2025-10-01 02:15:42,554 - INFO - Notificación Telegram enviada:   🧲
✅Orden 👇🏼SELL🔴 en ESPORTSUSDT 
con 0.12 USDT - 50x
2025-10-01 02:22:23,864 - INFO - Notificación Telegram enviada: ⚠️ Operación en ESPORTSUSDT cerrada 💣
2025-10-01 02:22:24,199 - INFO - Conexión a la base de datos exitosa
2025-10-01 02:23:30,757 - INFO - Notificación Telegram enviada: 
  🧲
💠 ESPORTSUSDT cerró Lose 🥵
ROI -16.66% - PNL: -0.02 USDT

2025-10-01 02:24:33,725 - INFO - Notificación Telegram enviada: 🚨 Pausa por pérdidas consecutivas
2025-10-01 02:34:34,618 - INFO - Balance disponible obtenido: 0.44071793 USDT
2025-10-01 02:35:37,609 - INFO - Notificación Telegram enviada: ✅ Stats actualizados | 🏆 Wins: 2  💀 Losses: 9  💰 Balance: 0.44 USDT
2025-10-01 02:35:39,940 - INFO - Balance disponible obtenido: 0.44072112 USDT
2025-10-01 02:46:31,687 - INFO - Balance disponible obtenido: 0.44073868 USDT
2025-10-01 02:52:00,697 - INFO - Balance disponible obtenido: 0.44074336 USDT
2025-10-01 02:53:07,384 - INFO - Notificación Telegram enviada:   🧲
✅Orden 🟢BUY👆🏼 en FISUSDT 
con 0.24 USDT - 25x
2025-10-01 03:03:24,242 - INFO - Notificación Telegram enviada: ⚠️ Operación en FISUSDT cerrada 💣
2025-10-01 03:03:24,571 - INFO - Conexión a la base de datos exitosa
2025-10-01 03:04:28,198 - INFO - Notificación Telegram enviada: 
  🧲
💠 FISUSDT cerró Profit 🤑
ROI 1.17% - PNL: 0.00 USDT

2025-10-01 03:04:29,264 - INFO - Balance disponible obtenido: 0.44058398 USDT
2025-10-01 03:05:32,224 - INFO - Notificación Telegram enviada: ✅ Stats actualizados | 🏆 Wins: 3  💀 Losses: 9  💰 Balance: 0.44 USDT
2025-10-01 03:05:34,586 - INFO - Balance disponible obtenido: 0.44055854 USDT
2025-10-01 03:16:27,941 - INFO - Balance disponible obtenido: 0.44055723 USDT
2025-10-01 03:27:24,251 - INFO - Balance disponible obtenido: 0.44057817 USDT
2025-10-01 03:29:07,160 - INFO - Balance disponible obtenido: 0.44056637 USDT
2025-10-01 03:30:15,218 - INFO - Notificación Telegram enviada:   🧲
✅Orden 🟢BUY👆🏼 en JOEUSDT 
con 0.12 USDT - 50x
2025-10-01 03:33:35,361 - INFO - Notificación Telegram enviada: ⚠️ Operación en JOEUSDT cerrada 💣
2025-10-01 03:33:35,700 - INFO - Conexión a la base de datos exitosa
2025-10-01 03:34:42,229 - INFO - Notificación Telegram enviada: 
  🧲
💠 JOEUSDT cerró Lose 🥵
ROI -6.29% - PNL: -0.01 USDT

2025-10-01 03:34:43,436 - INFO - Balance disponible obtenido: 0.43315454 USDT
2025-10-01 03:35:46,425 - INFO - Notificación Telegram enviada: ✅ Stats actualizados | 🏆 Wins: 3  💀 Losses: 10  💰 Balance: 0.43 USDT
2025-10-01 03:38:15,064 - INFO - Balance disponible obtenido: 0.43316318 USDT
2025-10-01 03:49:09,512 - INFO - Balance disponible obtenido: 0.43313372 USDT
2025-10-01 04:00:03,764 - INFO - Balance disponible obtenido: 0.43312246 USDT
2025-10-01 04:10:55,465 - INFO - Balance disponible obtenido: 0.43312379 USDT
2025-10-01 04:14:04,917 - INFO - Balance disponible obtenido: 0.43314143 USDT
2025-10-01 04:15:12,756 - INFO - Notificación Telegram enviada:   🧲
✅Orden 👇🏼SELL🔴 en AIOUSDT 
con 0.12 USDT - 50x
2025-10-01 04:23:48,412 - INFO - Notificación Telegram enviada: ⚠️ Operación en AIOUSDT cerrada 💣
2025-10-01 04:23:48,750 - INFO - Conexión a la base de datos exitosa
2025-10-01 04:25:02,009 - INFO - Notificación Telegram enviada: 
  🧲
💠 AIOUSDT cerró Lose 🥵
ROI -23.18% - PNL: -0.03 USDT

2025-10-01 04:25:02,818 - INFO - Balance disponible obtenido: 0.40231613 USDT
2025-10-01 04:26:05,759 - INFO - Notificación Telegram enviada: ✅ Stats actualizados | 🏆 Wins: 3  💀 Losses: 11  💰 Balance: 0.40 USDT
2025-10-01 04:26:07,423 - INFO - Balance disponible obtenido: 0.40233744 USDT
2025-10-01 04:37:01,416 - INFO - Balance disponible obtenido: 0.40231314 USDT
2025-10-01 04:47:56,202 - INFO - Balance disponible obtenido: 0.40235102 USDT
2025-10-01 04:58:49,340 - INFO - Balance disponible obtenido: 0.40232249 USDT
2025-10-01 05:09:42,796 - INFO - Balance disponible obtenido: 0.40234825 USDT
2025-10-01 05:20:34,016 - INFO - Balance disponible obtenido: 0.40230981 USDT
2025-10-01 05:21:29,376 - INFO - Balance disponible obtenido: 0.40230598 USDT
2025-10-01 05:28:43,803 - INFO - Balance disponible obtenido: 0.4023129 USDT
2025-10-01 05:29:48,796 - INFO - Notificación Telegram enviada:   🧲
✅Orden 🟢BUY👆🏼 en AIOUSDT 
con 0.12 USDT - 50x
2025-10-01 05:31:04,002 - INFO - Notificación Telegram enviada: ⚠️ Operación en AIOUSDT cerrada 💣
2025-10-01 05:31:04,421 - INFO - Conexión a la base de datos exitosa
2025-10-01 05:32:09,323 - INFO - Notificación Telegram enviada: 
  🧲
💠 AIOUSDT cerró Lose 🥵
ROI -2.34% - PNL: -0.00 USDT

2025-10-01 05:33:14,433 - INFO - Notificación Telegram enviada: 🚨 Pausa por pérdidas consecutivas
2025-10-01 05:43:16,211 - INFO - Balance disponible obtenido: 0.399566 USDT
2025-10-01 05:44:19,205 - INFO - Notificación Telegram enviada: ✅ Stats actualizados | 🏆 Wins: 3  💀 Losses: 12  💰 Balance: 0.40 USDT
2025-10-01 05:44:21,822 - INFO - Balance disponible obtenido: 0.39955858 USDT
2025-10-01 05:44:22,675 - INFO -   🧲
✅ Transferencia realizada de 1.00 USDT a la cuenta de futuros. Detalles: {'tranId': 303154863023}
2025-10-01 05:45:26,369 - INFO - Notificación Telegram enviada:   🧲
✅ Transferencia realizada de 1.00 USDT a la cuenta de futuros. Detalles: {'tranId': 303154863023}
2025-10-01 05:46:29,326 - INFO - Notificación Telegram enviada: ⚡🚩 Balance bajo... (0.40 USDT), recargando 1 USDT... 😉🤑💪🏽
2025-10-01 05:55:03,224 - INFO - Balance disponible obtenido: 1.39990272 USDT
2025-10-01 05:56:07,901 - INFO - Notificación Telegram enviada:   🧲
✅Orden 🟢BUY👆🏼 en BANKUSDT 
con 0.15 USDT - 50x
2025-10-01 05:57:20,929 - INFO - Notificación Telegram enviada: ⚠️ Operación en BANKUSDT cerrada 💣
2025-10-01 05:57:21,272 - INFO - Conexión a la base de datos exitosa
2025-10-01 05:58:27,591 - INFO - Notificación Telegram enviada: 
  🧲
💠 BANKUSDT cerró Lose 🥵
ROI -13.43% - PNL: -0.02 USDT

2025-10-01 05:58:28,310 - INFO - Balance disponible obtenido: 1.37923348 USDT
2025-10-01 05:59:31,366 - INFO - Notificación Telegram enviada: ✅ Stats actualizados | 🏆 Wins: 3  💀 Losses: 13  💰 Balance: 1.38 USDT
2025-10-01 05:59:33,116 - INFO - Balance disponible obtenido: 1.3791798 USDT
2025-10-01 06:10:40,192 - INFO - Balance disponible obtenido: 1.37911469 USDT
2025-10-01 06:21:40,710 - INFO - Balance disponible obtenido: 1.37914758 USDT
2025-10-01 06:26:05,867 - INFO - Balance disponible obtenido: 1.37914682 USDT
2025-10-01 06:27:10,819 - INFO - Notificación Telegram enviada:   🧲
✅Orden 🟢BUY👆🏼 en AIUSDT 
con 0.15 USDT - 50x
2025-10-01 06:33:43,209 - INFO - Notificación Telegram enviada: ⚠️ Operación en AIUSDT cerrada 💣
2025-10-01 06:33:43,548 - INFO - Conexión a la base de datos exitosa
2025-10-01 06:34:50,041 - INFO - Notificación Telegram enviada: 
  🧲
💠 AIUSDT cerró Profit 🤑
ROI 18.00% - PNL: 0.03 USDT

2025-10-01 06:34:50,874 - INFO - Balance disponible obtenido: 1.4027871 USDT
2025-10-01 06:35:54,239 - INFO - Notificación Telegram enviada: ✅ Stats actualizados | 🏆 Wins: 4  💀 Losses: 13  💰 Balance: 1.40 USDT
2025-10-01 06:35:58,121 - INFO - Balance disponible obtenido: 1.40283938 USDT
2025-10-01 06:46:00,796 - INFO - Balance disponible obtenido: 1.40268964 USDT
2025-10-01 06:47:05,456 - INFO - Notificación Telegram enviada:   🧲
✅Orden 🟢BUY👆🏼 en BIDUSDT 
con 0.15 USDT - 50x
2025-10-01 06:53:05,560 - INFO - Notificación Telegram enviada: ⚠️ Operación en BIDUSDT cerrada 💣
2025-10-01 06:53:08,728 - INFO - Conexión a la base de datos exitosa
2025-10-01 06:54:12,400 - INFO - Notificación Telegram enviada: 
  🧲
💠 BIDUSDT cerró Lose 🥵
ROI -5.60% - PNL: -0.01 USDT

2025-10-01 06:54:13,217 - INFO - Balance disponible obtenido: 1.39020955 USDT
2025-10-01 06:55:16,193 - INFO - Notificación Telegram enviada: ✅ Stats actualizados | 🏆 Wins: 4  💀 Losses: 14  💰 Balance: 1.39 USDT
2025-10-01 06:55:19,992 - INFO - Balance disponible obtenido: 1.39022784 USDT
2025-10-01 07:05:16,413 - INFO - Balance disponible obtenido: 1.39021569 USDT
2025-10-01 07:06:21,676 - INFO - Notificación Telegram enviada:   🧲
✅Orden 🟢BUY👆🏼 en ESPORTSUSDT 
con 0.15 USDT - 50x
2025-10-01 07:10:44,655 - INFO - Notificación Telegram enviada: ⚠️ Operación en ESPORTSUSDT cerrada 💣
2025-10-01 07:10:44,997 - INFO - Conexión a la base de datos exitosa
2025-10-01 07:11:52,064 - INFO - Notificación Telegram enviada: 
  🧲
💠 ESPORTSUSDT cerró Lose 🥵
ROI -8.72% - PNL: -0.01 USDT

2025-10-01 07:12:55,035 - INFO - Notificación Telegram enviada: 🚨 Pausa por pérdidas consecutivas
2025-10-01 07:22:57,082 - INFO - Balance disponible obtenido: 1.37684873 USDT
2025-10-01 07:24:01,338 - INFO - Notificación Telegram enviada: ✅ Stats actualizados | 🏆 Wins: 4  💀 Losses: 15  💰 Balance: 1.38 USDT
2025-10-01 07:24:03,697 - INFO - Balance disponible obtenido: 1.37689029 USDT
2025-10-01 07:35:05,525 - INFO - Balance disponible obtenido: 1.37689908 USDT
2025-10-01 07:46:00,639 - INFO - Balance disponible obtenido: 1.37686938 USDT
2025-10-01 07:56:53,872 - INFO - Balance disponible obtenido: 1.37681276 USDT
